salle,couleur,prenom,nom,externe,id
1,vert,,,,LTBC
1,rouge,,,,P3G3
1,bleu,,,,DX94
1,jaune,,,,5CGD
2,vert,,,,QQJD
2,rouge,,,,K5X3
2,bleu,,,,W6SP
2,jaune,,,,Q8KT
3,vert,,,,6B7P
3,rouge,,,,HBXF
3,bleu,,,,47DD
3,jaune,,,,9DF6
4,vert,,,,LVQG
4,rouge,,,,CLQC
4,bleu,,,,HW7F
4,jaune,,,,9CGX
1,vert,,,,FPXR
1,rouge,,,,874W
1,bleu,,,,73P9
1,jaune,,,,CJCG
2,vert,,,,QW9D
2,rouge,,,,BKT4
2,bleu,,,,8888
2,jaune,,,,WR9D
3,vert,,,,PWJ3
3,rouge,,,,SCSC
3,bleu,,,,XB4W
3,jaune,,,,K4BC
4,vert,,,,RWFW
4,rouge,,,,4PPW
4,bleu,,,,FFSJ
4,jaune,,,,S6QH
1,vert,,,,7GLR
1,rouge,,,,C8CK
1,bleu,,,,HD4W
1,jaune,,,,DGKG
2,vert,,,,DF65
2,rouge,,,,45TS
2,bleu,,,,P4CW
2,jaune,,,,CHKB
3,vert,,,,C8LL
3,rouge,,,,CH4G
3,bleu,,,,KS5L
3,jaune,,,,S4BC
4,vert,,,,CPWV
4,rouge,,,,FKJ3
4,bleu,,,,X93G
4,jaune,,,,9HV6
1,vert,,,,RXRT
1,rouge,,,,QF6S
1,bleu,,,,3T8F
1,jaune,,,,5XJ4
2,vert,,,,BBC6
2,rouge,,,,S5J8
2,bleu,,,,58TL
2,jaune,,,,X6RJ
3,vert,,,,6JQ9
3,rouge,,,,B3DH
3,bleu,,,,G5LL
3,jaune,,,,9FSB
4,vert,,,,WC76
4,rouge,,,,XGWX
4,bleu,,,,Q5VP
4,jaune,,,,59WP
1,vert,,,,BR89
1,rouge,,,,KGVD
1,bleu,,,,V95L
1,jaune,,,,5383
2,vert,,,,P4QF
2,rouge,,,,4XJQ
2,bleu,,,,GF7T
2,jaune,,,,PJDK
3,vert,,,,RKGD
3,rouge,,,,ST9X
3,bleu,,,,77S8
3,jaune,,,,97PJ
4,vert,,,,G4J7
4,rouge,,,,XLGG
4,bleu,,,,GH49
4,jaune,,,,43C6
1,vert,,,,L9P3
1,rouge,,,,3WDF
1,bleu,,,,QRLS
1,jaune,,,,RJ7H
2,vert,,,,59G8
2,rouge,,,,C9PT
2,bleu,,,,QRFG
2,jaune,,,,9TPC
3,vert,,,,V7JV
3,rouge,,,,GW95
3,bleu,,,,4SPV
3,jaune,,,,SVWG
4,vert,,,,DRJR
4,rouge,,,,Q7KP
4,bleu,,,,JQT9
4,jaune,,,,VVC3
1,vert,,,,3PG9
1,rouge,,,,JHQ7
1,bleu,,,,L46F
1,jaune,,,,JVF8
2,vert,,,,SSVV
2,rouge,,,,6PRV
2,bleu,,,,PWRW
2,jaune,,,,F9SC
3,vert,,,,8P99
3,rouge,,,,XCCX
3,bleu,,,,TS34
3,jaune,,,,JCJP
4,vert,,,,99J8
4,rouge,,,,PHTV
4,bleu,,,,JWLF
4,jaune,,,,XWBT
1,vert,,,,SF8S
1,rouge,,,,6WRG
1,bleu,,,,SL67
1,jaune,,,,KB8V
2,vert,,,,VBQ6
2,rouge,,,,WLJL
2,bleu,,,,T3TC
2,jaune,,,,9K7J
3,vert,,,,RLVP
3,rouge,,,,XLDJ
3,bleu,,,,ST4S
3,jaune,,,,Q6LH
4,vert,,,,JST5
4,rouge,,,,PV9B
4,bleu,,,,R4TK
4,jaune,,,,K6HW
1,vert,,,,LK3Q
1,rouge,,,,VT94
1,bleu,,,,GB6P
1,jaune,,,,KXDJ
2,vert,,,,CTVT
2,rouge,,,,VXV9
2,bleu,,,,CW3S
2,jaune,,,,5J9T
3,vert,,,,XR4W
3,rouge,,,,6L9D
3,bleu,,,,3DV5
3,jaune,,,,LC7T
4,vert,,,,9L7X
4,rouge,,,,T45S
4,bleu,,,,FJ4L
4,jaune,,,,P33L
1,vert,,,,QBXK
1,rouge,,,,7PDL
1,bleu,,,,KRXF
1,jaune,,,,LKJL
2,vert,,,,WKVL
2,rouge,,,,BHH8
2,bleu,,,,VHCV
2,jaune,,,,WL79
3,vert,,,,GGKR
3,rouge,,,,HG69
3,bleu,,,,TH8X
3,jaune,,,,6LKG
4,vert,,,,QG4B
4,rouge,,,,9GSR
4,bleu,,,,8J7P
4,jaune,,,,P5L5
1,vert,,,,4796
1,rouge,,,,SGX7
1,bleu,,,,FF4B
1,jaune,,,,JF3S
2,vert,,,,8KSG
2,rouge,,,,L84F
2,bleu,,,,WXCK
2,jaune,,,,GKR8
3,vert,,,,34FB
3,rouge,,,,V8P3
3,bleu,,,,CXV5
3,jaune,,,,4RGJ
4,vert,,,,HLSK
4,rouge,,,,K9H7
4,bleu,,,,K3TQ
4,jaune,,,,SFBQ
1,vert,,,,LF48
1,rouge,,,,33FP
1,bleu,,,,CKLW
1,jaune,,,,7L33
2,vert,,,,QPFL
2,rouge,,,,S38K
2,bleu,,,,BQLX
2,jaune,,,,WCX9
3,vert,,,,K9KK
3,rouge,,,,4RLR
3,bleu,,,,QFBW
3,jaune,,,,JF7L
4,vert,,,,QD47
4,rouge,,,,B69Q
4,bleu,,,,W9DW
4,jaune,,,,8PJ5
1,vert,,,,686P
1,rouge,,,,R6XH
1,bleu,,,,KT93
1,jaune,,,,C4FS
2,vert,,,,8KS4
2,rouge,,,,544F
2,bleu,,,,3JVL
2,jaune,,,,TLK7
3,vert,,,,GH6C
3,rouge,,,,JHXG
3,bleu,,,,P3LC
3,jaune,,,,SBSP
4,vert,,,,69PF
4,rouge,,,,H9TV
4,bleu,,,,CKT4
4,jaune,,,,9K7K
1,vert,,,,L75V
1,rouge,,,,56QG
1,bleu,,,,GW9T
1,jaune,,,,X57S
2,vert,,,,D36R
2,rouge,,,,G5CF
2,bleu,,,,J4WJ
2,jaune,,,,B4S8
3,vert,,,,JFV9
3,rouge,,,,T7KC
3,bleu,,,,RXX5
3,jaune,,,,4CKK
4,vert,,,,4463
4,rouge,,,,KP36
4,bleu,,,,CF6F
4,jaune,,,,GV7J
1,vert,,,,TFF7
1,rouge,,,,6WRS
1,bleu,,,,QXPL
1,jaune,,,,XGVS
2,vert,,,,8SLK
2,rouge,,,,QQR9
2,bleu,,,,LGSJ
2,jaune,,,,HHVQ
3,vert,,,,KL8B
3,rouge,,,,98SF
3,bleu,,,,8L74
3,jaune,,,,K9S7
4,vert,,,,WK63
4,rouge,,,,WWJ3
4,bleu,,,,PSWV
4,jaune,,,,PHBV
1,vert,,,,LKBT
1,rouge,,,,BG95
1,bleu,,,,6GGG
1,jaune,,,,D7PG
2,vert,,,,6GW4
2,rouge,,,,HXG8
2,bleu,,,,54H3
2,jaune,,,,P357
3,vert,,,,54D7
3,rouge,,,,PR7R
3,bleu,,,,R5SV
3,jaune,,,,4JJQ
4,vert,,,,4T4W
4,rouge,,,,D8FC
4,bleu,,,,W65H
4,jaune,,,,SF9R
1,vert,,,,X7DV
1,rouge,,,,K6F7
1,bleu,,,,3KWD
1,jaune,,,,X9G6
2,vert,,,,8PDW
2,rouge,,,,4Q3B
2,bleu,,,,CWS7
2,jaune,,,,TGTD
3,vert,,,,BSVF
3,rouge,,,,BC7X
3,bleu,,,,GFBT
3,jaune,,,,97RC
4,vert,,,,4Q67
4,rouge,,,,GPWQ
4,bleu,,,,SJLJ
4,jaune,,,,TBLX
1,vert,,,,4DT6
1,rouge,,,,G5XC
1,bleu,,,,B36X
1,jaune,,,,TCDJ
2,vert,,,,7FCH
2,rouge,,,,WX9P
2,bleu,,,,3K5K
2,jaune,,,,CD4L
3,vert,,,,8L3L
3,rouge,,,,3B8S
3,bleu,,,,6CBX
3,jaune,,,,JJ3G
4,vert,,,,HDTH
4,rouge,,,,XDV8
4,bleu,,,,6KKQ
4,jaune,,,,8RDT
1,vert,,,,QFTS
1,rouge,,,,L445
1,bleu,,,,5BXR
1,jaune,,,,HC6D
2,vert,,,,7BQX
2,rouge,,,,RH44
2,bleu,,,,JJGW
2,jaune,,,,FCRB
3,vert,,,,3TLR
3,rouge,,,,GTH4
3,bleu,,,,QPLC
3,jaune,,,,X473
4,vert,,,,GLDG
4,rouge,,,,3459
4,bleu,,,,FKDJ
4,jaune,,,,8RPK
1,vert,,,,TTFG
1,rouge,,,,FD5V
1,bleu,,,,CLVS
1,jaune,,,,XB9D
2,vert,,,,VJPS
2,rouge,,,,X3PV
2,bleu,,,,C7SP
2,jaune,,,,VGJT
3,vert,,,,SDQ6
3,rouge,,,,9SB4
3,bleu,,,,7XV3
3,jaune,,,,7DG3
4,vert,,,,3GXC
4,rouge,,,,XCXS
4,bleu,,,,R9TR
4,jaune,,,,VHW6
1,vert,,,,P9FS
1,rouge,,,,S5XT
1,bleu,,,,676L
1,jaune,,,,J8X4
2,vert,,,,H53K
2,rouge,,,,3HPL
2,bleu,,,,LTGJ
2,jaune,,,,HWXP
3,vert,,,,FSSJ
3,rouge,,,,Q7GG
3,bleu,,,,68TD
3,jaune,,,,WLGF
4,vert,,,,P5LV
4,rouge,,,,J4BB
4,bleu,,,,S6VS
4,jaune,,,,VWF5
1,vert,,,,HHBL
1,rouge,,,,9HWD
1,bleu,,,,5SBB
1,jaune,,,,JDJR
2,vert,,,,KLFC
2,rouge,,,,6HHW
2,bleu,,,,9KQ7
2,jaune,,,,VTCX
3,vert,,,,Q39F
3,rouge,,,,JCKD
3,bleu,,,,XKSW
3,jaune,,,,56T9
4,vert,,,,WCX7
4,rouge,,,,PSSK
4,bleu,,,,WKWP
4,jaune,,,,4FSG
1,vert,,,,KX64
1,rouge,,,,R4WG
1,bleu,,,,T99G
1,jaune,,,,8FJ7
2,vert,,,,CXG4
2,rouge,,,,CQCG
2,bleu,,,,XXLL
2,jaune,,,,37WS
3,vert,,,,V7BX
3,rouge,,,,DPJX
3,bleu,,,,VTWX
3,jaune,,,,7WHG
4,vert,,,,Q3XP
4,rouge,,,,T38L
4,bleu,,,,TDJJ
4,jaune,,,,WLWX
1,vert,,,,TSLV
1,rouge,,,,K583
1,bleu,,,,XWBL
1,jaune,,,,QJVW
2,vert,,,,F7FK
2,rouge,,,,3LVS
2,bleu,,,,RKPK
2,jaune,,,,DBHV
3,vert,,,,PQ56
3,rouge,,,,QVHL
3,bleu,,,,XKKW
3,jaune,,,,P7J8
4,vert,,,,4JCX
4,rouge,,,,H7WR
4,bleu,,,,7GKX
4,jaune,,,,7P9L
1,vert,,,,5J79
1,rouge,,,,3P55
1,bleu,,,,5GRF
1,jaune,,,,WHGS
2,vert,,,,Q8XB
2,rouge,,,,BHTD
2,bleu,,,,L757
2,jaune,,,,FDHX
3,vert,,,,GS9L
3,rouge,,,,PVFK
3,bleu,,,,VTWW
3,jaune,,,,VQJ9
4,vert,,,,6BWC
4,rouge,,,,F6QT
4,bleu,,,,KDXP
4,jaune,,,,QG9D
1,vert,,,,7PHV
1,rouge,,,,546P
1,bleu,,,,VS6Q
1,jaune,,,,74WG
2,vert,,,,PXJL
2,rouge,,,,BG89
2,bleu,,,,4B8W
2,jaune,,,,SDJW
3,vert,,,,GQ96
3,rouge,,,,9H3H
3,bleu,,,,JPJ5
3,jaune,,,,9P6H
4,vert,,,,GC4W
4,rouge,,,,KP7F
4,bleu,,,,TV7W
4,jaune,,,,VCBG
1,vert,,,,L3XP
1,rouge,,,,3W4V
1,bleu,,,,687K
1,jaune,,,,D7CL
2,vert,,,,TSVQ
2,rouge,,,,SS65
2,bleu,,,,GQDG
2,jaune,,,,TTGP
3,vert,,,,HHGC
3,rouge,,,,JXQ5
3,bleu,,,,45BG
3,jaune,,,,D8CR
4,vert,,,,JB5D
4,rouge,,,,3SJD
4,bleu,,,,JKV9
4,jaune,,,,PWFX
1,vert,,,,FWXK
1,rouge,,,,GJGK
1,bleu,,,,K4LD
1,jaune,,,,BQHS
2,vert,,,,QBRL
2,rouge,,,,5VW9
2,bleu,,,,Q66V
2,jaune,,,,DCPQ
3,vert,,,,SCC4
3,rouge,,,,CDJ7
3,bleu,,,,DH83
3,jaune,,,,XD8G
4,vert,,,,93Q7
4,rouge,,,,VBPG
4,bleu,,,,GDF6
4,jaune,,,,Q9RG
1,vert,,,,47RG
1,rouge,,,,9KL8
1,bleu,,,,RHXD
1,jaune,,,,H5TR
2,vert,,,,GSHC
2,rouge,,,,7W8V
2,bleu,,,,VP6R
2,jaune,,,,4C8S
3,vert,,,,5RDG
3,rouge,,,,STLS
3,bleu,,,,756C
3,jaune,,,,TTP9
4,vert,,,,6VJ3
4,rouge,,,,F699
4,bleu,,,,CC5P
4,jaune,,,,GHGR
1,vert,,,,X3DD
1,rouge,,,,8WH5
1,bleu,,,,8RGP
1,jaune,,,,6FJT
2,vert,,,,TBPT
2,rouge,,,,7B9J
2,bleu,,,,XQHV
2,jaune,,,,9XSD
3,vert,,,,KP5G
3,rouge,,,,FF7W
3,bleu,,,,LS9B
3,jaune,,,,85XL
4,vert,,,,6JVF
4,rouge,,,,X7W9
4,bleu,,,,86XK
4,jaune,,,,7S9C
1,vert,,,,B6FK
1,rouge,,,,3DWD
1,bleu,,,,P6RK
1,jaune,,,,5434
2,vert,,,,VF7G
2,rouge,,,,78CL
2,bleu,,,,T5R7
2,jaune,,,,9QR7
3,vert,,,,DPRP
3,rouge,,,,VP95
3,bleu,,,,BLH7
3,jaune,,,,7CTS
4,vert,,,,PDCF
4,rouge,,,,TCJB
4,bleu,,,,53H8
4,jaune,,,,J4HT
1,vert,,,,RBK7
1,rouge,,,,S644
1,bleu,,,,767V
1,jaune,,,,SVLT
2,vert,,,,F5HW
2,rouge,,,,8GJR
2,bleu,,,,HRR8
2,jaune,,,,37G3
3,vert,,,,8BJ8
3,rouge,,,,C3BJ
3,bleu,,,,5T78
3,jaune,,,,J8WL
4,vert,,,,PW6S
4,rouge,,,,LVCJ
4,bleu,,,,9JB6
4,jaune,,,,DLPS
1,vert,,,,G5PH
1,rouge,,,,3BW8
1,bleu,,,,8HC6
1,jaune,,,,RL5C
2,vert,,,,TDTL
2,rouge,,,,CCK8
2,bleu,,,,V8DX
2,jaune,,,,FC68
3,vert,,,,V43V
3,rouge,,,,HSSJ
3,bleu,,,,99PV
3,jaune,,,,TSG8
4,vert,,,,Q4BP
4,rouge,,,,DPLX
4,bleu,,,,8KGQ
4,jaune,,,,9LFQ
1,vert,,,,LSWG
1,rouge,,,,HSQS
1,bleu,,,,4XHS
1,jaune,,,,X3LQ
2,vert,,,,H5H9
2,rouge,,,,D6RH
2,bleu,,,,3SDH
2,jaune,,,,5XKS
3,vert,,,,WJ5B
3,rouge,,,,S7HH
3,bleu,,,,GTLJ
3,jaune,,,,RSLP
4,vert,,,,J84D
4,rouge,,,,57GJ
4,bleu,,,,WFSJ
4,jaune,,,,CD99
1,vert,,,,95DG
1,rouge,,,,5D99
1,bleu,,,,CW3B
1,jaune,,,,FRXC
2,vert,,,,BTQW
2,rouge,,,,VCQ6
2,bleu,,,,7HCW
2,jaune,,,,S9XC
3,vert,,,,PBJS
3,rouge,,,,85G6
3,bleu,,,,VGJL
3,jaune,,,,CSGV
4,vert,,,,W6WL
4,rouge,,,,V7CP
4,bleu,,,,BHCC
4,jaune,,,,XWJ6
1,vert,,,,DD6C
1,rouge,,,,TG96
1,bleu,,,,8TSH
1,jaune,,,,DRS8
2,vert,,,,J5J8
2,rouge,,,,C74Q
2,bleu,,,,S4DG
2,jaune,,,,K6GV
3,vert,,,,D4CJ
3,rouge,,,,4RT5
3,bleu,,,,8PCC
3,jaune,,,,QPQ5
4,vert,,,,7S38
4,rouge,,,,WBV7
4,bleu,,,,JJ64
4,jaune,,,,5KDB
1,vert,,,,FLH5
1,rouge,,,,TBGB
1,bleu,,,,9WTD
1,jaune,,,,58WC
2,vert,,,,HSPS
2,rouge,,,,RPGC
2,bleu,,,,G3K9
2,jaune,,,,J78R
3,vert,,,,CFFS
3,rouge,,,,4H8G
3,bleu,,,,54KJ
3,jaune,,,,DFLJ
4,vert,,,,X7LT
4,rouge,,,,KRTP
4,bleu,,,,8RKB
4,jaune,,,,GCBQ
1,vert,,,,B3C8
1,rouge,,,,B8WH
1,bleu,,,,TH4R
1,jaune,,,,SG58
2,vert,,,,KK9Q
2,rouge,,,,5WXC
2,bleu,,,,3T6J
2,jaune,,,,5TW7
3,vert,,,,TVTG
3,rouge,,,,8D6V
3,bleu,,,,563R
3,jaune,,,,TCPB
4,vert,,,,TSQG
4,rouge,,,,T5V3
4,bleu,,,,7DCJ
4,jaune,,,,3XPG
1,vert,,,,63TC
1,rouge,,,,JFGX
1,bleu,,,,4J9W
1,jaune,,,,H8KS
2,vert,,,,7WTC
2,rouge,,,,FPL7
2,bleu,,,,B5LF
2,jaune,,,,GT4G
3,vert,,,,LV5W
3,rouge,,,,X8W5
3,bleu,,,,JRFQ
3,jaune,,,,Q7WW
4,vert,,,,B3KC
4,rouge,,,,DGFC
4,bleu,,,,QPPJ
4,jaune,,,,KXX5
1,vert,,,,WQ34
1,rouge,,,,QFW5
1,bleu,,,,6FLT
1,jaune,,,,RFWQ
2,vert,,,,WC69
2,rouge,,,,S3JK
2,bleu,,,,TL7W
2,jaune,,,,FGXT
3,vert,,,,V3L4
3,rouge,,,,K8V6
3,bleu,,,,XJLK
3,jaune,,,,B6CS
4,vert,,,,Q8KR
4,rouge,,,,T4F9
4,bleu,,,,377H
4,jaune,,,,X6JP
1,vert,,,,XKCP
1,rouge,,,,VRPR
1,bleu,,,,5H83
1,jaune,,,,PCRX
2,vert,,,,KR63
2,rouge,,,,795R
2,bleu,,,,7TPW
2,jaune,,,,CQTF
3,vert,,,,J989
3,rouge,,,,3T9B
3,bleu,,,,KVHB
3,jaune,,,,J6WC
4,vert,,,,9DV4
4,rouge,,,,9STQ
4,bleu,,,,4X6L
4,jaune,,,,GWD5
1,vert,,,,WQTK
1,rouge,,,,K4CL
1,bleu,,,,QPTD
1,jaune,,,,C458
2,vert,,,,56JV
2,rouge,,,,VSWG
2,bleu,,,,HKS4
2,jaune,,,,Q3PK
3,vert,,,,CPKJ
3,rouge,,,,S97R
3,bleu,,,,C448
3,jaune,,,,RQX3
4,vert,,,,JPSS
4,rouge,,,,QQQR
4,bleu,,,,WWWR
4,jaune,,,,JCWD
1,vert,,,,S787
1,rouge,,,,CWQ9
1,bleu,,,,QT74
1,jaune,,,,HBGC
2,vert,,,,587G
2,rouge,,,,SXRX
2,bleu,,,,VXPS
2,jaune,,,,6CLS
3,vert,,,,J5RV
3,rouge,,,,PQG7
3,bleu,,,,5BP5
3,jaune,,,,L39H
4,vert,,,,3SVL
4,rouge,,,,VGXJ
4,bleu,,,,DRDW
4,jaune,,,,DR4D
1,vert,,,,7G3T
1,rouge,,,,DQ68
1,bleu,,,,G6Q5
1,jaune,,,,3FL5
2,vert,,,,J6W9
2,rouge,,,,3B6Q
2,bleu,,,,L4L4
2,jaune,,,,KC5F
3,vert,,,,P63P
3,rouge,,,,FVDX
3,bleu,,,,8X9W
3,jaune,,,,6KFK
4,vert,,,,WKVT
4,rouge,,,,T7BF
4,bleu,,,,F73V
4,jaune,,,,VCF7
1,vert,,,,XHQC
1,rouge,,,,XBP6
1,bleu,,,,LFRP
1,jaune,,,,JPV5
2,vert,,,,3SJW
2,rouge,,,,F7T8
2,bleu,,,,PQS6
2,jaune,,,,P4JK
3,vert,,,,K5VR
3,rouge,,,,LPHH
3,bleu,,,,3D3T
3,jaune,,,,JC53
4,vert,,,,7PKC
4,rouge,,,,G8VV
4,bleu,,,,XD7S
4,jaune,,,,95SX
1,vert,,,,FPDG
1,rouge,,,,DD8K
1,bleu,,,,454D
1,jaune,,,,HVHD
2,vert,,,,4VH8
2,rouge,,,,QBD4
2,bleu,,,,5VJ7
2,jaune,,,,6RJD
3,vert,,,,T745
3,rouge,,,,PVS7
3,bleu,,,,D64P
3,jaune,,,,XCV3
4,vert,,,,CDJL
4,rouge,,,,W46F
4,bleu,,,,8KSB
4,jaune,,,,76FX
1,vert,,,,QVV8
1,rouge,,,,S4QX
1,bleu,,,,RXPL
1,jaune,,,,9LVF
2,vert,,,,TJ3P
2,rouge,,,,HQX4
2,bleu,,,,HH96
2,jaune,,,,Q4L6
3,vert,,,,5SQK
3,rouge,,,,FR6K
3,bleu,,,,39L3
3,jaune,,,,S9K4
4,vert,,,,DCVL
4,rouge,,,,WH94
4,bleu,,,,WCJV
4,jaune,,,,FC3Q
1,vert,,,,L9H4
1,rouge,,,,H96L
1,bleu,,,,CKVK
1,jaune,,,,RJK8
2,vert,,,,VRJQ
2,rouge,,,,FKPL
2,bleu,,,,4RR6
2,jaune,,,,L6K5
3,vert,,,,C3XF
3,rouge,,,,FC5L
3,bleu,,,,6RHH
3,jaune,,,,TKJ6
4,vert,,,,V4HX
4,rouge,,,,FW7G
4,bleu,,,,4R4H
4,jaune,,,,JP4F
1,vert,,,,B98L
1,rouge,,,,8G6Q
1,bleu,,,,QDVV
1,jaune,,,,TQWT
2,vert,,,,R5RF
2,rouge,,,,8WC3
2,bleu,,,,83TK
2,jaune,,,,WKBQ
3,vert,,,,XLV7
3,rouge,,,,D8X7
3,bleu,,,,64KK
3,jaune,,,,6CJK
4,vert,,,,7D34
4,rouge,,,,JRVD
4,bleu,,,,PTFP
4,jaune,,,,V6F5
1,vert,,,,G4W3
1,rouge,,,,CW64
1,bleu,,,,F9BW
1,jaune,,,,W7TK
2,vert,,,,S7CF
2,rouge,,,,FG3G
2,bleu,,,,4PQB
2,jaune,,,,8GX7
3,vert,,,,5DHJ
3,rouge,,,,56JX
3,bleu,,,,FVCG
3,jaune,,,,7WFR
4,vert,,,,HC6K
4,rouge,,,,7397
4,bleu,,,,TFP3
4,jaune,,,,W9BT
1,vert,,,,PSX8
1,rouge,,,,4BG7
1,bleu,,,,LHBF
1,jaune,,,,857D
2,vert,,,,BWRX
2,rouge,,,,3W49
2,bleu,,,,X653
2,jaune,,,,R5QX
3,vert,,,,X77K
3,rouge,,,,DCQV
3,bleu,,,,BQJH
3,jaune,,,,WB55
4,vert,,,,4HCK
4,rouge,,,,W73P
4,bleu,,,,VCLT
4,jaune,,,,BGHL
1,vert,,,,F463
1,rouge,,,,FSTF
1,bleu,,,,P3Q3
1,jaune,,,,5PGK
2,vert,,,,7HXG
2,rouge,,,,SWVL
2,bleu,,,,8XB8
2,jaune,,,,KKWP
3,vert,,,,TFPV
3,rouge,,,,8SRS
3,bleu,,,,WPJX
3,jaune,,,,JFFF
4,vert,,,,VG7K
4,rouge,,,,64WV
4,bleu,,,,G378
4,jaune,,,,BSWD
1,vert,,,,WKH6
1,rouge,,,,PD3V
1,bleu,,,,T8HK
1,jaune,,,,FJSR
2,vert,,,,KCPX
2,rouge,,,,TLTF
2,bleu,,,,DSTT
2,jaune,,,,C7HG
3,vert,,,,VLHS
3,rouge,,,,WBVX
3,bleu,,,,JTXL
3,jaune,,,,BCPR
4,vert,,,,G7WV
4,rouge,,,,F48C
4,bleu,,,,BK5R
4,jaune,,,,HVK5
1,vert,,,,V3CB
1,rouge,,,,H8HQ
1,bleu,,,,9BVJ
1,jaune,,,,379T
2,vert,,,,VHP5
2,rouge,,,,4XHV
2,bleu,,,,F6WV
2,jaune,,,,PGH3
3,vert,,,,P5H5
3,rouge,,,,QRVV
3,bleu,,,,JQ8B
3,jaune,,,,5FWP
4,vert,,,,WPP7
4,rouge,,,,HWV9
4,bleu,,,,TJKJ
4,jaune,,,,CP98
1,vert,,,,K5RD
1,rouge,,,,7P8T
1,bleu,,,,SHC4
1,jaune,,,,G4RQ
2,vert,,,,VV77
2,rouge,,,,DG3P
2,bleu,,,,GWG5
2,jaune,,,,7WJ8
3,vert,,,,S74K
3,rouge,,,,94PX
3,bleu,,,,B4SF
3,jaune,,,,P996
4,vert,,,,4JK7
4,rouge,,,,CBV6
4,bleu,,,,4WKC
4,jaune,,,,R7SV
1,vert,,,,8WF5
1,rouge,,,,J8JS
1,bleu,,,,THLG
1,jaune,,,,PRFB
2,vert,,,,XDS9
2,rouge,,,,G7W9
2,bleu,,,,8KBW
2,jaune,,,,QP3T
3,vert,,,,77PD
3,rouge,,,,SP9L
3,bleu,,,,G79C
3,jaune,,,,4SLV
4,vert,,,,6C6H
4,rouge,,,,Q5X5
4,bleu,,,,F9L8
4,jaune,,,,5VTS
1,vert,,,,6G6R
1,rouge,,,,6XFL
1,bleu,,,,LDXL
1,jaune,,,,3QH4
2,vert,,,,S53L
2,rouge,,,,JRCV
2,bleu,,,,W4QL
2,jaune,,,,J4HV
3,vert,,,,XBTF
3,rouge,,,,J4RS
3,bleu,,,,D5KT
3,jaune,,,,H5LS
4,vert,,,,F6Q7
4,rouge,,,,9C5F
4,bleu,,,,DR38
4,jaune,,,,HQR4
1,vert,,,,G3WQ
1,rouge,,,,QHRV
1,bleu,,,,P9J5
1,jaune,,,,6LTX
2,vert,,,,XCD6
2,rouge,,,,F9H9
2,bleu,,,,JXK4
2,jaune,,,,9KW9
3,vert,,,,DHHX
3,rouge,,,,VJV5
3,bleu,,,,FCJF
3,jaune,,,,5RPQ
4,vert,,,,RKR7
4,rouge,,,,GWPP
4,bleu,,,,S8FF
4,jaune,,,,PHF3
1,vert,,,,SV3V
1,rouge,,,,KGLH
1,bleu,,,,5GSC
1,jaune,,,,7XJT
2,vert,,,,GV95
2,rouge,,,,554H
2,bleu,,,,K9Q9
2,jaune,,,,WW8R
3,vert,,,,QSQ6
3,rouge,,,,FTTL
3,bleu,,,,SLHT
3,jaune,,,,3BFD
4,vert,,,,QPC5
4,rouge,,,,5VHV
4,bleu,,,,T93L
4,jaune,,,,G967
1,vert,,,,4XL8
1,rouge,,,,36JK
1,bleu,,,,47TD
1,jaune,,,,7TH5
2,vert,,,,G8G7
2,rouge,,,,65P4
2,bleu,,,,8D64
2,jaune,,,,3R9J
3,vert,,,,D5B4
3,rouge,,,,VF5V
3,bleu,,,,7543
3,jaune,,,,44KF
4,vert,,,,L4CL
4,rouge,,,,38P4
4,bleu,,,,SP3L
4,jaune,,,,39FP
1,vert,,,,BWJS
1,rouge,,,,JRD4
1,bleu,,,,HFH6
1,jaune,,,,X8FS
2,vert,,,,TCSC
2,rouge,,,,KRFG
2,bleu,,,,D6W6
2,jaune,,,,C6W6
3,vert,,,,6JTC
3,rouge,,,,F3DJ
3,bleu,,,,3CB9
3,jaune,,,,H9J7
4,vert,,,,58TV
4,rouge,,,,89DD
4,bleu,,,,8LJ9
4,jaune,,,,F3R7
1,vert,,,,JTJ6
1,rouge,,,,3VJ8
1,bleu,,,,CVJ9
1,jaune,,,,GPQV
2,vert,,,,9B5G
2,rouge,,,,PXL4
2,bleu,,,,CWRG
2,jaune,,,,FJWV
3,vert,,,,LQG7
3,rouge,,,,C9D9
3,bleu,,,,VLQR
3,jaune,,,,DGTH
4,vert,,,,D89K
4,rouge,,,,KR9P
4,bleu,,,,698K
4,jaune,,,,9PQQ
1,vert,,,,66QS
1,rouge,,,,3G48
1,bleu,,,,D6DL
1,jaune,,,,JGDF
2,vert,,,,XQG3
2,rouge,,,,VW8F
2,bleu,,,,8DS5
2,jaune,,,,S864
3,vert,,,,4BQH
3,rouge,,,,GXRS
3,bleu,,,,X7BP
3,jaune,,,,FHW8
4,vert,,,,6LGD
4,rouge,,,,4QGV
4,bleu,,,,P8BH
4,jaune,,,,GDBW
1,vert,,,,DV3H
1,rouge,,,,WS55
1,bleu,,,,B77H
1,jaune,,,,J5TC
2,vert,,,,LXCW
2,rouge,,,,SJ4S
2,bleu,,,,4JF7
2,jaune,,,,H3CG
3,vert,,,,GQR4
3,rouge,,,,V84V
3,bleu,,,,7455
3,jaune,,,,JRSG
4,vert,,,,VJLC
4,rouge,,,,4XHH
4,bleu,,,,W44W
4,jaune,,,,XWC5
1,vert,,,,GPGH
1,rouge,,,,L4S3
1,bleu,,,,H3TW
1,jaune,,,,B385
2,vert,,,,4DVG
2,rouge,,,,HCVC
2,bleu,,,,WQF5
2,jaune,,,,W6GB
3,vert,,,,C9QC
3,rouge,,,,TJFL
3,bleu,,,,788Q
3,jaune,,,,QXX3
4,vert,,,,847B
4,rouge,,,,4XFH
4,bleu,,,,7PBJ
4,jaune,,,,F36T
1,vert,,,,TP6D
1,rouge,,,,833X
1,bleu,,,,S6KW
1,jaune,,,,7HB3
2,vert,,,,4H4W
2,rouge,,,,4JLH
2,bleu,,,,RB6K
2,jaune,,,,CKDG
3,vert,,,,43KV
3,rouge,,,,H597
3,bleu,,,,XRJJ
3,jaune,,,,PTQR
4,vert,,,,4C9D
4,rouge,,,,5P9S
4,bleu,,,,WPBS
4,jaune,,,,LDWH
1,vert,,,,6BXX
1,rouge,,,,JDFW
1,bleu,,,,KCSL
1,jaune,,,,44WC
2,vert,,,,SJBQ
2,rouge,,,,4L4R
2,bleu,,,,GCLC
2,jaune,,,,XJJ3
3,vert,,,,9HH8
3,rouge,,,,T64K
3,bleu,,,,KV45
3,jaune,,,,6T6D
4,vert,,,,BXB4
4,rouge,,,,XJXS
4,bleu,,,,XVS4
4,jaune,,,,F3VR
1,vert,,,,GW7L
1,rouge,,,,9HGT
1,bleu,,,,FSGS
1,jaune,,,,L8W7
2,vert,,,,CQQH
2,rouge,,,,JGLC
2,bleu,,,,BD6X
2,jaune,,,,8BBD
3,vert,,,,GL3B
3,rouge,,,,R9Q8
3,bleu,,,,LTCB
3,jaune,,,,QTPP
4,vert,,,,RRCQ
4,rouge,,,,J4RF
4,bleu,,,,X3LL
4,jaune,,,,GF6S
1,vert,,,,339R
1,rouge,,,,4QXH
1,bleu,,,,7389
1,jaune,,,,JSCR
2,vert,,,,LGCF
2,rouge,,,,C4DB
2,bleu,,,,BCQ6
2,jaune,,,,4TQQ
3,vert,,,,F8RP
3,rouge,,,,L6D5
3,bleu,,,,4LJ4
3,jaune,,,,W47T
4,vert,,,,XR69
4,rouge,,,,HG3C
4,bleu,,,,KFQR
4,jaune,,,,GPQW
1,vert,,,,7495
1,rouge,,,,JPFR
1,bleu,,,,D8K4
1,jaune,,,,SXL6
2,vert,,,,CQC5
2,rouge,,,,6F3H
2,bleu,,,,8VTV
2,jaune,,,,DPPX
3,vert,,,,XCBB
3,rouge,,,,JWVW
3,bleu,,,,76F6
3,jaune,,,,34GT
4,vert,,,,KPG8
4,rouge,,,,DVC4
4,bleu,,,,4886
4,jaune,,,,KGTV
1,vert,,,,64PS
1,rouge,,,,6HVF
1,bleu,,,,TWFB
1,jaune,,,,V5R7
2,vert,,,,HKSF
2,rouge,,,,GBS8
2,bleu,,,,BKVG
2,jaune,,,,Q9JG
3,vert,,,,WJLX
3,rouge,,,,7R7D
3,bleu,,,,T9BW
3,jaune,,,,678B
4,vert,,,,XTFF
4,rouge,,,,T9DT
4,bleu,,,,PDSS
4,jaune,,,,GGPR
1,vert,,,,T756
1,rouge,,,,8W6K
1,bleu,,,,V3JB
1,jaune,,,,VKRS
2,vert,,,,T68C
2,rouge,,,,4PCD
2,bleu,,,,7L3K
2,jaune,,,,K76F
3,vert,,,,LGWT
3,rouge,,,,CGG9
3,bleu,,,,S4F9
3,jaune,,,,HXWR
4,vert,,,,TFWB
4,rouge,,,,WB7C
4,bleu,,,,6F63
4,jaune,,,,777L
1,vert,,,,9G35
1,rouge,,,,XLFJ
1,bleu,,,,7PTQ
1,jaune,,,,CRHQ
2,vert,,,,XTP8
2,rouge,,,,78LJ
2,bleu,,,,35T5
2,jaune,,,,LBWB
3,vert,,,,9WHW
3,rouge,,,,VL8B
3,bleu,,,,VHKR
3,jaune,,,,LFT9
4,vert,,,,R6HF
4,rouge,,,,TQS7
4,bleu,,,,3RQD
4,jaune,,,,3WFB
1,vert,,,,49LW
1,rouge,,,,J666
1,bleu,,,,DSK5
1,jaune,,,,PFSH
2,vert,,,,5DWD
2,rouge,,,,DCXL
2,bleu,,,,3C9J
2,jaune,,,,D479
3,vert,,,,X97D
3,rouge,,,,5TBB
3,bleu,,,,6Q9V
3,jaune,,,,35F5
4,vert,,,,LS6G
4,rouge,,,,BKB3
4,bleu,,,,6FFV
4,jaune,,,,KJQX
1,vert,,,,C6W4
1,rouge,,,,7WSB
1,bleu,,,,VBXH
1,jaune,,,,FT64
2,vert,,,,BHP5
2,rouge,,,,38F8
2,bleu,,,,JLVC
2,jaune,,,,5T9K
3,vert,,,,GGSF
3,rouge,,,,TQHK
3,bleu,,,,WPQS
3,jaune,,,,RFBW
4,vert,,,,3GHQ
4,rouge,,,,P3FT
4,bleu,,,,D3GW
4,jaune,,,,5SX6
1,vert,,,,XPSB
1,rouge,,,,5TKB
1,bleu,,,,8VGV
1,jaune,,,,C8G5
2,vert,,,,W894
2,rouge,,,,WG4D
2,bleu,,,,3CL7
2,jaune,,,,7ST7
3,vert,,,,9PBG
3,rouge,,,,9QF6
3,bleu,,,,85DH
3,jaune,,,,R45T
4,vert,,,,693P
4,rouge,,,,CGJ6
4,bleu,,,,CDP3
4,jaune,,,,4VWT
1,vert,,,,49J4
1,rouge,,,,D9WK
1,bleu,,,,BSSF
1,jaune,,,,TSJ7
2,vert,,,,9WRD
2,rouge,,,,HHKF
2,bleu,,,,TSTP
2,jaune,,,,HTCV
3,vert,,,,6V46
3,rouge,,,,T873
3,bleu,,,,V69X
3,jaune,,,,QV5T
4,vert,,,,X8V5
4,rouge,,,,GFQ5
4,bleu,,,,9XT7
4,jaune,,,,JRVJ
1,vert,,,,CTV7
1,rouge,,,,LTHX
1,bleu,,,,J3P3
1,jaune,,,,LKQQ
2,vert,,,,9RLH
2,rouge,,,,P73F
2,bleu,,,,H733
2,jaune,,,,HJSD
3,vert,,,,TS8C
3,rouge,,,,JHLH
3,bleu,,,,3B7Q
3,jaune,,,,7XPG
4,vert,,,,9JTR
4,rouge,,,,L63H
4,bleu,,,,S9GL
4,jaune,,,,J754
1,vert,,,,TV3X
1,rouge,,,,L6V4
1,bleu,,,,KG39
1,jaune,,,,6DRL
2,vert,,,,HP59
2,rouge,,,,QP9G
2,bleu,,,,4RH9
2,jaune,,,,936H
3,vert,,,,SC3K
3,rouge,,,,374R
3,bleu,,,,JD4V
3,jaune,,,,HL43
4,vert,,,,XHBB
4,rouge,,,,SJC7
4,bleu,,,,RCS4
4,jaune,,,,QQ3R
1,vert,,,,J8W4
1,rouge,,,,6BTB
1,bleu,,,,QC9X
1,jaune,,,,HGKP
2,vert,,,,KQV6
2,rouge,,,,B9B7
2,bleu,,,,PRFV
2,jaune,,,,JF8S
3,vert,,,,CKGJ
3,rouge,,,,XK3Q
3,bleu,,,,3S7S
3,jaune,,,,63GB
4,vert,,,,93SX
4,rouge,,,,5C6R
4,bleu,,,,6XXV
4,jaune,,,,W7LQ
1,vert,,,,J5RT
1,rouge,,,,TPTC
1,bleu,,,,R4DJ
1,jaune,,,,K575
2,vert,,,,9P7Q
2,rouge,,,,4VBC
2,bleu,,,,P6HT
2,jaune,,,,XW6D
3,vert,,,,WGTW
3,rouge,,,,PRKP
3,bleu,,,,QXDK
3,jaune,,,,KSCH
4,vert,,,,TTRH
4,rouge,,,,DQF3
4,bleu,,,,G8CB
4,jaune,,,,P9WX
1,vert,,,,L837
1,rouge,,,,66DQ
1,bleu,,,,PGWS
1,jaune,,,,4PK9
2,vert,,,,W7SR
2,rouge,,,,5FR9
2,bleu,,,,WCFC
2,jaune,,,,SKVQ
3,vert,,,,DTWS
3,rouge,,,,JJXW
3,bleu,,,,BLLC
3,jaune,,,,FCHX
4,vert,,,,R7DF
4,rouge,,,,SWK4
4,bleu,,,,V3TD
4,jaune,,,,3J6R
1,vert,,,,9BC6
1,rouge,,,,QV6V
1,bleu,,,,WR7K
1,jaune,,,,9C7F
2,vert,,,,RCTL
2,rouge,,,,8TC8
2,bleu,,,,GBQF
2,jaune,,,,K3Q5
3,vert,,,,HX4P
3,rouge,,,,DHPW
3,bleu,,,,K6PB
3,jaune,,,,CPK4
4,vert,,,,466R
4,rouge,,,,V3RD
4,bleu,,,,7SB6
4,jaune,,,,6PW8
1,vert,,,,F6K9
1,rouge,,,,9RXS
1,bleu,,,,WVQ9
1,jaune,,,,589W
2,vert,,,,896D
2,rouge,,,,CR4H
2,bleu,,,,W357
2,jaune,,,,7XHB
3,vert,,,,TRJR
3,rouge,,,,7BHW
3,bleu,,,,VXDS
3,jaune,,,,V8BF
4,vert,,,,3JBC
4,rouge,,,,9QQG
4,bleu,,,,HRCW
4,jaune,,,,8V8B
1,vert,,,,7G5W
1,rouge,,,,W67T
1,bleu,,,,9BG7
1,jaune,,,,8CSW
2,vert,,,,7Q95
2,rouge,,,,GH9S
2,bleu,,,,LVWJ
2,jaune,,,,83KJ
3,vert,,,,9BRG
3,rouge,,,,VXD7
3,bleu,,,,PS3P
3,jaune,,,,RQLF
4,vert,,,,TXCW
4,rouge,,,,C69K
4,bleu,,,,QSXL
4,jaune,,,,HC9H
1,vert,,,,FD6D
1,rouge,,,,8BB9
1,bleu,,,,SK6D
1,jaune,,,,P59T
2,vert,,,,765P
2,rouge,,,,HHC5
2,bleu,,,,XT9V
2,jaune,,,,KRHG
3,vert,,,,B7TF
3,rouge,,,,57G3
3,bleu,,,,VL3P
3,jaune,,,,3C6W
4,vert,,,,C7JL
4,rouge,,,,636B
4,bleu,,,,TFBJ
4,jaune,,,,TPHV
1,vert,,,,3RWT
1,rouge,,,,P6WW
1,bleu,,,,5DQG
1,jaune,,,,3SC4
2,vert,,,,4B8Q
2,rouge,,,,4JLV
2,bleu,,,,XF9R
2,jaune,,,,99R4
3,vert,,,,DSF8
3,rouge,,,,FJF9
3,bleu,,,,BT4C
3,jaune,,,,94RJ
4,vert,,,,3FFV
4,rouge,,,,PTHH
4,bleu,,,,QPK3
4,jaune,,,,CPS8
1,vert,,,,4PTC
1,rouge,,,,S33T
1,bleu,,,,RRDH
1,jaune,,,,JFWB
2,vert,,,,39WJ
2,rouge,,,,XF78
2,bleu,,,,64RH
2,jaune,,,,4W46
3,vert,,,,94WJ
3,rouge,,,,LVVT
3,bleu,,,,XWV8
3,jaune,,,,7H8S
4,vert,,,,XHRK
4,rouge,,,,CGGT
4,bleu,,,,DX6S
4,jaune,,,,TT66
1,vert,,,,RGBH
1,rouge,,,,VGVD
1,bleu,,,,L3KF
1,jaune,,,,7QQQ
2,vert,,,,K87D
2,rouge,,,,DDF7
2,bleu,,,,JPTQ
2,jaune,,,,G6C3
3,vert,,,,F5KL
3,rouge,,,,3VXB
3,bleu,,,,7CXL
3,jaune,,,,JQ78
4,vert,,,,GL3H
4,rouge,,,,7SCS
4,bleu,,,,L8HQ
4,jaune,,,,V45H
1,vert,,,,C9TT
1,rouge,,,,DJ5V
1,bleu,,,,BQCD
1,jaune,,,,FQHW
2,vert,,,,668R
2,rouge,,,,7L9X
2,bleu,,,,7HWB
2,jaune,,,,K9RV
3,vert,,,,HXPP
3,rouge,,,,GF6C
3,bleu,,,,L6VF
3,jaune,,,,4BBJ
4,vert,,,,HLDB
4,rouge,,,,RDRV
4,bleu,,,,FB5F
4,jaune,,,,8JVC
1,vert,,,,X785
1,rouge,,,,LB95
1,bleu,,,,QSLJ
1,jaune,,,,B464
2,vert,,,,SQ5S
2,rouge,,,,HFJB
2,bleu,,,,XLJ6
2,jaune,,,,4PLV
3,vert,,,,79RT
3,rouge,,,,VQ4D
3,bleu,,,,TWB6
3,jaune,,,,984J
4,vert,,,,RG5Q
4,rouge,,,,L35Q
4,bleu,,,,SR5V
4,jaune,,,,D5JH
1,vert,,,,LS7F
1,rouge,,,,DSPG
1,bleu,,,,3WHR
1,jaune,,,,L49H
2,vert,,,,VFDS
2,rouge,,,,W6XT
2,bleu,,,,J8CR
2,jaune,,,,FCJD
3,vert,,,,D93R
3,rouge,,,,H4WK
3,bleu,,,,SV99
3,jaune,,,,CRQC
4,vert,,,,HGXQ
4,rouge,,,,D9B5
4,bleu,,,,5VSP
4,jaune,,,,8TD3
1,vert,,,,FDPB
1,rouge,,,,JPSR
1,bleu,,,,S4F4
1,jaune,,,,GGWD
2,vert,,,,3SPK
2,rouge,,,,G7WK
2,bleu,,,,3PX7
2,jaune,,,,QT9K
3,vert,,,,HXV7
3,rouge,,,,HHGX
3,bleu,,,,XGBH
3,jaune,,,,PDHJ
4,vert,,,,FG8K
4,rouge,,,,64SV
4,bleu,,,,9X85
4,jaune,,,,HB35
1,vert,,,,X7P8
1,rouge,,,,FFFX
1,bleu,,,,BWTJ
1,jaune,,,,L86B
2,vert,,,,XTV4
2,rouge,,,,DKHL
2,bleu,,,,HWWR
2,jaune,,,,478Q
3,vert,,,,QPP4
3,rouge,,,,95QF
3,bleu,,,,PJR8
3,jaune,,,,SKBT
4,vert,,,,LF3H
4,rouge,,,,PFLB
4,bleu,,,,KH4R
4,jaune,,,,PGVJ
1,vert,,,,WF3V
1,rouge,,,,63JX
1,bleu,,,,9LCG
1,jaune,,,,HRS8
2,vert,,,,4KXP
2,rouge,,,,FTQ6
2,bleu,,,,9WV7
2,jaune,,,,X9C9
3,vert,,,,KK7V
3,rouge,,,,FR77
3,bleu,,,,WKJC
3,jaune,,,,F4GF
4,vert,,,,7GSV
4,rouge,,,,3QPL
4,bleu,,,,L4SS
4,jaune,,,,TR5B
1,vert,,,,47K6
1,rouge,,,,B4G4
1,bleu,,,,9XX6
1,jaune,,,,TB6G
2,vert,,,,R4S4
2,rouge,,,,TX4T
2,bleu,,,,7HQ4
2,jaune,,,,6KP7
3,vert,,,,FVH5
3,rouge,,,,H7TJ
3,bleu,,,,WL5P
3,jaune,,,,KWT7
4,vert,,,,TKRB
4,rouge,,,,SB9K
4,bleu,,,,L545
4,jaune,,,,HW3G
1,vert,,,,G5RF
1,rouge,,,,R3GV
1,bleu,,,,3CR6
1,jaune,,,,6CTB
2,vert,,,,3LVX
2,rouge,,,,P6XL
2,bleu,,,,SJ3P
2,jaune,,,,GQKS
3,vert,,,,C5LC
3,rouge,,,,KLGQ
3,bleu,,,,4VSK
3,jaune,,,,454H
4,vert,,,,WF6L
4,rouge,,,,K7TP
4,bleu,,,,9DCR
4,jaune,,,,PS39
1,vert,,,,WKT3
1,rouge,,,,SDQ8
1,bleu,,,,4P5X
1,jaune,,,,33QV
2,vert,,,,TSV7
2,rouge,,,,D95R
2,bleu,,,,RW78
2,jaune,,,,QT5V
3,vert,,,,JB53
3,rouge,,,,9LDQ
3,bleu,,,,TKH7
3,jaune,,,,VLP7
4,vert,,,,K67G
4,rouge,,,,PHK7
4,bleu,,,,3LDQ
4,jaune,,,,QXCG
1,vert,,,,HRW9
1,rouge,,,,9K6R
1,bleu,,,,FDV8
1,jaune,,,,Q8FC
2,vert,,,,55D4
2,rouge,,,,G3XV
2,bleu,,,,LRKC
2,jaune,,,,7W5T
3,vert,,,,G4QT
3,rouge,,,,P3K4
3,bleu,,,,W66V
3,jaune,,,,T3HB
4,vert,,,,5446
4,rouge,,,,BLRG
4,bleu,,,,HC3Q
4,jaune,,,,5RGJ
1,vert,,,,GQ86
1,rouge,,,,K44R
1,bleu,,,,BWHS
1,jaune,,,,JJXD
2,vert,,,,3RSH
2,rouge,,,,KTDX
2,bleu,,,,LR6W
2,jaune,,,,X3QR
3,vert,,,,RGW5
3,rouge,,,,9W7W
3,bleu,,,,SV4Q
3,jaune,,,,HD8V
4,vert,,,,9P87
4,rouge,,,,BLKS
4,bleu,,,,F4HD
4,jaune,,,,BPGW
1,vert,,,,5G9W
1,rouge,,,,QH78
1,bleu,,,,8CJX
1,jaune,,,,L8RQ
2,vert,,,,PXRQ
2,rouge,,,,DPTV
2,bleu,,,,9BQK
2,jaune,,,,CGRR
3,vert,,,,4DBX
3,rouge,,,,DR8D
3,bleu,,,,KS96
3,jaune,,,,LKL4
4,vert,,,,64QX
4,rouge,,,,79VL
4,bleu,,,,DB9B
4,jaune,,,,DXBK
1,vert,,,,R9KQ
1,rouge,,,,BPRC
1,bleu,,,,JJLH
1,jaune,,,,F5QB
2,vert,,,,GXLW
2,rouge,,,,RJB6
2,bleu,,,,FPQH
2,jaune,,,,54KR
3,vert,,,,5JJ9
3,rouge,,,,BCC9
3,bleu,,,,JQJ6
3,jaune,,,,J4PX
4,vert,,,,PDCS
4,rouge,,,,6D8C
4,bleu,,,,LQ36
4,jaune,,,,XRPJ
1,vert,,,,87TV
1,rouge,,,,JW93
1,bleu,,,,473X
1,jaune,,,,QBP5
2,vert,,,,W9RJ
2,rouge,,,,VLTC
2,bleu,,,,JCVB
2,jaune,,,,LVDD
3,vert,,,,P6SS
3,rouge,,,,CLL3
3,bleu,,,,SF77
3,jaune,,,,Q7LP
4,vert,,,,JBTL
4,rouge,,,,V85L
4,bleu,,,,V443
4,jaune,,,,6XWH
1,vert,,,,6W45
1,rouge,,,,KJW9
1,bleu,,,,J8WX
1,jaune,,,,CTD9
2,vert,,,,JB9L
2,rouge,,,,GJ8X
2,bleu,,,,GQ37
2,jaune,,,,8GDL
3,vert,,,,5R8T
3,rouge,,,,GRS6
3,bleu,,,,DHLK
3,jaune,,,,DP5J
4,vert,,,,49CS
4,rouge,,,,GQW4
4,bleu,,,,VCLG
4,jaune,,,,JBSS
1,vert,,,,G5HD
1,rouge,,,,QG4Q
1,bleu,,,,3C7J
1,jaune,,,,KB68
2,vert,,,,3PW9
2,rouge,,,,HF8F
2,bleu,,,,543T
2,jaune,,,,9C47
3,vert,,,,F9XS
3,rouge,,,,8R7W
3,bleu,,,,HKVW
3,jaune,,,,4QTB
4,vert,,,,7BPK
4,rouge,,,,SXBX
4,bleu,,,,KQLW
4,jaune,,,,KL6R
1,vert,,,,WXVP
1,rouge,,,,B66V
1,bleu,,,,TKJR
1,jaune,,,,RP4G
2,vert,,,,3KJR
2,rouge,,,,DXL8
2,bleu,,,,44XS
2,jaune,,,,SS53
3,vert,,,,XKP6
3,rouge,,,,GJCB
3,bleu,,,,VR3B
3,jaune,,,,PTK5
4,vert,,,,7XVQ
4,rouge,,,,WWG5
4,bleu,,,,FQVT
4,jaune,,,,THWV
1,vert,,,,RQL4
1,rouge,,,,T83R
1,bleu,,,,7G7T
1,jaune,,,,QF9H
2,vert,,,,KDBX
2,rouge,,,,FK7H
2,bleu,,,,3SDX
2,jaune,,,,K56J
3,vert,,,,3VR9
3,rouge,,,,5RJF
3,bleu,,,,HVDF
3,jaune,,,,WTRF
4,vert,,,,6KTW
4,rouge,,,,LBFJ
4,bleu,,,,K47D
4,jaune,,,,HK6W
1,vert,,,,8HQ5
1,rouge,,,,DSPQ
1,bleu,,,,BTLF
1,jaune,,,,R7KG
2,vert,,,,KS7G
2,rouge,,,,56V9
2,bleu,,,,8TK9
2,jaune,,,,Q5JD
3,vert,,,,VCGC
3,rouge,,,,TCDL
3,bleu,,,,TKX7
3,jaune,,,,S6RT
4,vert,,,,WW4T
4,rouge,,,,VWTP
4,bleu,,,,K354
4,jaune,,,,XDL3
1,vert,,,,HRXW
1,rouge,,,,3HC7
1,bleu,,,,6T5W
1,jaune,,,,7837
2,vert,,,,85LT
2,rouge,,,,35W3
2,bleu,,,,5S46
2,jaune,,,,PS59
3,vert,,,,SVH5
3,rouge,,,,76DB
3,bleu,,,,BW3S
3,jaune,,,,D8KH
4,vert,,,,PFLP
4,rouge,,,,JPPR
4,bleu,,,,9SJP
4,jaune,,,,6L4F
1,vert,,,,LKDH
1,rouge,,,,BSS7
1,bleu,,,,RP5F
1,jaune,,,,7GKT
2,vert,,,,R6VX
2,rouge,,,,SCFB
2,bleu,,,,BLGK
2,jaune,,,,P39G
3,vert,,,,HHC6
3,rouge,,,,X456
3,bleu,,,,KF54
3,jaune,,,,4PJB
4,vert,,,,K5Q6
4,rouge,,,,TR6T
4,bleu,,,,56SG
4,jaune,,,,FBDG
1,vert,,,,FF7Q
1,rouge,,,,7VCW
1,bleu,,,,4VQP
1,jaune,,,,FDPR
2,vert,,,,DPJW
2,rouge,,,,S7RT
2,bleu,,,,VJJF
2,jaune,,,,6GGT
3,vert,,,,LVC4
3,rouge,,,,CXWC
3,bleu,,,,GPQ8
3,jaune,,,,R6R6
4,vert,,,,45WT
4,rouge,,,,RKR8
4,bleu,,,,RTCW
4,jaune,,,,B8V9
1,vert,,,,JWCP
1,rouge,,,,WHXG
1,bleu,,,,QR58
1,jaune,,,,F9HW
2,vert,,,,DH5F
2,rouge,,,,V5GG
2,bleu,,,,WBGK
2,jaune,,,,QPWJ
3,vert,,,,DBC5
3,rouge,,,,SQTK
3,bleu,,,,63F7
3,jaune,,,,B8BL
4,vert,,,,WB99
4,rouge,,,,K5SS
4,bleu,,,,R4TP
4,jaune,,,,9J7F
1,vert,,,,B9RV
1,rouge,,,,89DC
1,bleu,,,,PSBH
1,jaune,,,,FB3F
2,vert,,,,6T6R
2,rouge,,,,PBK9
2,bleu,,,,J8BH
2,jaune,,,,6FXC
3,vert,,,,3L48
3,rouge,,,,BTH4
3,bleu,,,,RJCG
3,jaune,,,,48KP
4,vert,,,,KL7J
4,rouge,,,,WRHL
4,bleu,,,,JVX5
4,jaune,,,,WL9S
1,vert,,,,D35L
1,rouge,,,,LR56
1,bleu,,,,L5TL
1,jaune,,,,LXPP
2,vert,,,,W46V
2,rouge,,,,QR5D
2,bleu,,,,PHFF
2,jaune,,,,L63X
3,vert,,,,5XHF
3,rouge,,,,RJFB
3,bleu,,,,PTLB
3,jaune,,,,WGXK
4,vert,,,,SCHK
4,rouge,,,,D57G
4,bleu,,,,LKPD
4,jaune,,,,D9LX
1,vert,,,,S5K6
1,rouge,,,,CL3X
1,bleu,,,,F79V
1,jaune,,,,L5GS
2,vert,,,,8LKH
2,rouge,,,,G5KF
2,bleu,,,,GH4Q
2,jaune,,,,JVB4
3,vert,,,,XPPX
3,rouge,,,,PDBK
3,bleu,,,,H5K3
3,jaune,,,,DTJH
4,vert,,,,G43H
4,rouge,,,,3J4C
4,bleu,,,,WTPX
4,jaune,,,,W3BP
1,vert,,,,73TQ
1,rouge,,,,SCD7
1,bleu,,,,GF83
1,jaune,,,,K35F
2,vert,,,,9QQX
2,rouge,,,,LSXJ
2,bleu,,,,QK5H
2,jaune,,,,CBB3
3,vert,,,,464C
3,rouge,,,,TD6C
3,bleu,,,,CFHP
3,jaune,,,,V48G
4,vert,,,,FXQ4
4,rouge,,,,HBJJ
4,bleu,,,,SSWV
4,jaune,,,,946S
1,vert,,,,TFDX
1,rouge,,,,XRJT
1,bleu,,,,F84X
1,jaune,,,,XS5F
2,vert,,,,QGFX
2,rouge,,,,DRLH
2,bleu,,,,5F7H
2,jaune,,,,3FT3
3,vert,,,,HDP4
3,rouge,,,,DPDX
3,bleu,,,,5VX4
3,jaune,,,,JWX3
4,vert,,,,9GPP
4,rouge,,,,8FS8
4,bleu,,,,5HSC
4,jaune,,,,7KDB
1,vert,,,,84VJ
1,rouge,,,,HX7V
1,bleu,,,,3CSL
1,jaune,,,,KLV9
2,vert,,,,RW8D
2,rouge,,,,RVG4
2,bleu,,,,LXT5
2,jaune,,,,BCCH
3,vert,,,,K5FX
3,rouge,,,,H4JV
3,bleu,,,,FGRT
3,jaune,,,,CGLD
4,vert,,,,G4BS
4,rouge,,,,XWKR
4,bleu,,,,RP3W
4,jaune,,,,C6XR
1,vert,,,,BK8S
1,rouge,,,,XSKB
1,bleu,,,,6KXK
1,jaune,,,,BJRB
2,vert,,,,RXFB
2,rouge,,,,47R8
2,bleu,,,,XSK6
2,jaune,,,,7XL7
3,vert,,,,4J8B
3,rouge,,,,58RP
3,bleu,,,,WRBH
3,jaune,,,,DPLB
4,vert,,,,57Q5
4,rouge,,,,63WV
4,bleu,,,,D78P
4,jaune,,,,7X4G
1,vert,,,,K9DJ
1,rouge,,,,KF4R
1,bleu,,,,FQTK
1,jaune,,,,34LK
2,vert,,,,VQ56
2,rouge,,,,FWBB
2,bleu,,,,9TSS
2,jaune,,,,3KVP
3,vert,,,,9DLV
3,rouge,,,,KBDR
3,bleu,,,,BBCK
3,jaune,,,,WLPP
4,vert,,,,DVGK
4,rouge,,,,XHPV
4,bleu,,,,PSKP
4,jaune,,,,XSQ9
1,vert,,,,3FWS
1,rouge,,,,H6HJ
1,bleu,,,,VSQ6
1,jaune,,,,9H8B
2,vert,,,,X8C3
2,rouge,,,,9JGG
2,bleu,,,,9CHX
2,jaune,,,,PHFQ
3,vert,,,,VLC6
3,rouge,,,,HLDD
3,bleu,,,,BSTB
3,jaune,,,,4LB7
4,vert,,,,VFBV
4,rouge,,,,34QF
4,bleu,,,,HCQ7
4,jaune,,,,SGWR
1,vert,,,,V4VJ
1,rouge,,,,XLQT
1,bleu,,,,8573
1,jaune,,,,8FD8
2,vert,,,,WQH8
2,rouge,,,,LJPG
2,bleu,,,,QQLW
2,jaune,,,,53RC
3,vert,,,,L9KC
3,rouge,,,,PSBB
3,bleu,,,,PCS6
3,jaune,,,,9964
4,vert,,,,4KXQ
4,rouge,,,,JSX8
4,bleu,,,,9TJ7
4,jaune,,,,VGVG
1,vert,,,,4TJH
1,rouge,,,,V6GB
1,bleu,,,,FJ33
1,jaune,,,,9FH9
2,vert,,,,7J3H
2,rouge,,,,7W3G
2,bleu,,,,PH73
2,jaune,,,,KS87
3,vert,,,,DWQ8
3,rouge,,,,89H6
3,bleu,,,,PLTR
3,jaune,,,,76F8
4,vert,,,,VR4C
4,rouge,,,,XBVQ
4,bleu,,,,77DT
4,jaune,,,,HRFS
1,vert,,,,RGK5
1,rouge,,,,XV4J
1,bleu,,,,CD5S
1,jaune,,,,H57J
2,vert,,,,L5J7
2,rouge,,,,GXDS
2,bleu,,,,7XB8
2,jaune,,,,H4SP
3,vert,,,,FK9X
3,rouge,,,,49SH
3,bleu,,,,HCF3
3,jaune,,,,G7B7
4,vert,,,,RQJH
4,rouge,,,,WWKW
4,bleu,,,,QGG7
4,jaune,,,,BBGX
1,vert,,,,G6GH
1,rouge,,,,D9VP
1,bleu,,,,GR73
1,jaune,,,,HHVD
2,vert,,,,VQ9H
2,rouge,,,,B5CL
2,bleu,,,,53RT
2,jaune,,,,V63P
3,vert,,,,9FXR
3,rouge,,,,5J5Q
3,bleu,,,,8QVX
3,jaune,,,,9HCV
4,vert,,,,V4RL
4,rouge,,,,RX79
4,bleu,,,,GD87
4,jaune,,,,GL8F
1,vert,,,,D7P7
1,rouge,,,,TQFC
1,bleu,,,,5KBD
1,jaune,,,,V8LR
2,vert,,,,3BCF
2,rouge,,,,G7J5
2,bleu,,,,G879
2,jaune,,,,8T8Q
3,vert,,,,BKTK
3,rouge,,,,WD33
3,bleu,,,,QD4H
3,jaune,,,,V8GD
4,vert,,,,3353
4,rouge,,,,4FBS
4,bleu,,,,WTJ8
4,jaune,,,,3VLG
1,vert,,,,9WF7
1,rouge,,,,4QG6
1,bleu,,,,CSSV
1,jaune,,,,XC43
2,vert,,,,3RG9
2,rouge,,,,4KSJ
2,bleu,,,,QW6P
2,jaune,,,,KQ66
3,vert,,,,K6V3
3,rouge,,,,VRQ4
3,bleu,,,,W6RC
3,jaune,,,,GJ79
4,vert,,,,8F63
4,rouge,,,,89WQ
4,bleu,,,,6CVJ
4,jaune,,,,STB4
1,vert,,,,8GHF
1,rouge,,,,3LFV
1,bleu,,,,BC38
1,jaune,,,,J4G5
2,vert,,,,VQBF
2,rouge,,,,G67S
2,bleu,,,,8HS6
2,jaune,,,,X8HD
3,vert,,,,QP99
3,rouge,,,,HTRS
3,bleu,,,,JGP4
3,jaune,,,,K6LB
4,vert,,,,P4G6
4,rouge,,,,PR59
4,bleu,,,,CDJ8
4,jaune,,,,96PQ
1,vert,,,,K7C9
1,rouge,,,,GB9P
1,bleu,,,,PJLV
1,jaune,,,,LGFQ
2,vert,,,,DVGW
2,rouge,,,,J3CV
2,bleu,,,,RSF9
2,jaune,,,,KHSB
3,vert,,,,6GSB
3,rouge,,,,WHLG
3,bleu,,,,7T53
3,jaune,,,,C73W
4,vert,,,,3XJG
4,rouge,,,,TCRX
4,bleu,,,,RJBQ
4,jaune,,,,TV6S
1,vert,,,,5KSR
1,rouge,,,,3RQW
1,bleu,,,,8GV9
1,jaune,,,,QXBF
2,vert,,,,VQLD
2,rouge,,,,VS8Q
2,bleu,,,,F89S
2,jaune,,,,4T6R
3,vert,,,,DX8X
3,rouge,,,,GRL6
3,bleu,,,,48J5
3,jaune,,,,RRT5
4,vert,,,,9669
4,rouge,,,,H6LF
4,bleu,,,,X8W8
4,jaune,,,,P7JB
1,vert,,,,RVCL
1,rouge,,,,LX99
1,bleu,,,,RF88
1,jaune,,,,S4FF
2,vert,,,,5L5Q
2,rouge,,,,QBCX
2,bleu,,,,5WQL
2,jaune,,,,45DJ
3,vert,,,,4CTB
3,rouge,,,,JDF3
3,bleu,,,,4TQT
3,jaune,,,,JXSH
4,vert,,,,X5BK
4,rouge,,,,34QC
4,bleu,,,,5LPG
4,jaune,,,,VL75
1,vert,,,,XXFJ
1,rouge,,,,ST53
1,bleu,,,,9BFJ
1,jaune,,,,T46Q
2,vert,,,,PXQS
2,rouge,,,,7J5P
2,bleu,,,,4HS8
2,jaune,,,,45HG
3,vert,,,,WH9T
3,rouge,,,,GXHV
3,bleu,,,,BT4T
3,jaune,,,,FXKC
4,vert,,,,VFD4
4,rouge,,,,JW7V
4,bleu,,,,V8VW
4,jaune,,,,B9W9
1,vert,,,,8GJ8
1,rouge,,,,93VK
1,bleu,,,,69KL
1,jaune,,,,9GWH
2,vert,,,,JS4G
2,rouge,,,,TQ8H
2,bleu,,,,VKLC
2,jaune,,,,3JJB
3,vert,,,,WLD7
3,rouge,,,,BR9Q
3,bleu,,,,W8H9
3,jaune,,,,6PGG
4,vert,,,,HWG4
4,rouge,,,,5TQL
4,bleu,,,,8JSX
4,jaune,,,,HJJB
1,vert,,,,QDQK
1,rouge,,,,RJR3
1,bleu,,,,GHJK
1,jaune,,,,D3WJ
2,vert,,,,S776
2,rouge,,,,SKPD
2,bleu,,,,6FSK
2,jaune,,,,H4CH
3,vert,,,,6HTW
3,rouge,,,,9S39
3,bleu,,,,VJPX
3,jaune,,,,8RDL
4,vert,,,,6595
4,rouge,,,,R35R
4,bleu,,,,QC38
4,jaune,,,,XCWF
1,vert,,,,8HF5
1,rouge,,,,F6D9
1,bleu,,,,CQF6
1,jaune,,,,J8CD
2,vert,,,,KDWG
2,rouge,,,,49K7
2,bleu,,,,RDQL
2,jaune,,,,S34P
3,vert,,,,K59K
3,rouge,,,,KG4R
3,bleu,,,,K3LL
3,jaune,,,,359X
4,vert,,,,GKV3
4,rouge,,,,JPRV
4,bleu,,,,FFG3
4,jaune,,,,P4S9
1,vert,,,,4DDS
1,rouge,,,,SPQ9
1,bleu,,,,4V3C
1,jaune,,,,7P74
2,vert,,,,3383
2,rouge,,,,SBJ8
2,bleu,,,,H78R
2,jaune,,,,WKPT
3,vert,,,,RQ6K
3,rouge,,,,KD7J
3,bleu,,,,5WPD
3,jaune,,,,48Q8
4,vert,,,,7R79
4,rouge,,,,B39W
4,bleu,,,,VSD6
4,jaune,,,,WVW3
1,vert,,,,J7QV
1,rouge,,,,8G3B
1,bleu,,,,F3L6
1,jaune,,,,759D
2,vert,,,,PBK4
2,rouge,,,,5J6W
2,bleu,,,,PSGQ
2,jaune,,,,35TK
3,vert,,,,SD9D
3,rouge,,,,F6L9
3,bleu,,,,BBPD
3,jaune,,,,QHSW
4,vert,,,,VWBC
4,rouge,,,,CDPD
4,bleu,,,,T8TJ
4,jaune,,,,QHVT
1,vert,,,,6P6P
1,rouge,,,,XRXT
1,bleu,,,,PLHC
1,jaune,,,,CHKR
2,vert,,,,GRGR
2,rouge,,,,BHRR
2,bleu,,,,BGL5
2,jaune,,,,QGRV
3,vert,,,,CLPX
3,rouge,,,,P6RW
3,bleu,,,,3RHW
3,jaune,,,,CSK9
4,vert,,,,QJJW
4,rouge,,,,FBJH
4,bleu,,,,LS3L
4,jaune,,,,R7RR
1,vert,,,,3W48
1,rouge,,,,R6K3
1,bleu,,,,KJR8
1,jaune,,,,BL9T
2,vert,,,,V5D3
2,rouge,,,,RFT3
2,bleu,,,,F6DV
2,jaune,,,,75HS
3,vert,,,,DT97
3,rouge,,,,6L3P
3,bleu,,,,KSCG
3,jaune,,,,XB87
4,vert,,,,QCQL
4,rouge,,,,DDTH
4,bleu,,,,KQQW
4,jaune,,,,3XS7
1,vert,,,,G8H5
1,rouge,,,,FLV7
1,bleu,,,,GCFD
1,jaune,,,,DWV7
2,vert,,,,FSP3
2,rouge,,,,TDJP
2,bleu,,,,GGWG
2,jaune,,,,FCRF
3,vert,,,,KTBW
3,rouge,,,,T3Q3
3,bleu,,,,C85B
3,jaune,,,,S54D
4,vert,,,,LWG5
4,rouge,,,,QQ39
4,bleu,,,,6DGH
4,jaune,,,,3X5D
1,vert,,,,38Q9
1,rouge,,,,LGXC
1,bleu,,,,P35F
1,jaune,,,,66GW
2,vert,,,,GBTS
2,rouge,,,,GR5R
2,bleu,,,,KJ3W
2,jaune,,,,KCFS
3,vert,,,,X7BF
3,rouge,,,,DG86
3,bleu,,,,FBKT
3,jaune,,,,GDQS
4,vert,,,,GTLH
4,rouge,,,,WTK4
4,bleu,,,,B366
4,jaune,,,,TPX3
1,vert,,,,GXCP
1,rouge,,,,T48V
1,bleu,,,,DLPT
1,jaune,,,,VJJD
2,vert,,,,75W6
2,rouge,,,,5883
2,bleu,,,,3B79
2,jaune,,,,8TC5
3,vert,,,,SLVF
3,rouge,,,,QT8P
3,bleu,,,,PJ3X
3,jaune,,,,TTBC
4,vert,,,,HVRD
4,rouge,,,,TGQG
4,bleu,,,,KBLF
4,jaune,,,,KCR6
1,vert,,,,VRW9
1,rouge,,,,39DP
1,bleu,,,,K9F8
1,jaune,,,,654J
2,vert,,,,KPBV
2,rouge,,,,RDWS
2,bleu,,,,5DLT
2,jaune,,,,WTCK
3,vert,,,,D93Q
3,rouge,,,,W3P8
3,bleu,,,,BLVR
3,jaune,,,,7FVJ
4,vert,,,,757F
4,rouge,,,,54JG
4,bleu,,,,QFLG
4,jaune,,,,VSJ8
1,vert,,,,74Q3
1,rouge,,,,X5CC
1,bleu,,,,3XLK
1,jaune,,,,BV69
2,vert,,,,6JTF
2,rouge,,,,KKRJ
2,bleu,,,,R36Q
2,jaune,,,,LBQK
3,vert,,,,5K9D
3,rouge,,,,HF9J
3,bleu,,,,JS47
3,jaune,,,,3QDG
4,vert,,,,LHXW
4,rouge,,,,47HW
4,bleu,,,,C4SS
4,jaune,,,,RJ9D
1,vert,,,,HHP8
1,rouge,,,,FX75
1,bleu,,,,RVJ5
1,jaune,,,,V85S
2,vert,,,,KB7Q
2,rouge,,,,5LFS
2,bleu,,,,B7QK
2,jaune,,,,DDJV
3,vert,,,,3F3B
3,rouge,,,,BCX3
3,bleu,,,,5H4V
3,jaune,,,,6GKT
4,vert,,,,T7SF
4,rouge,,,,5B5F
4,bleu,,,,6S65
4,jaune,,,,FGCK
1,vert,,,,8J9T
1,rouge,,,,97BV
1,bleu,,,,VWL9
1,jaune,,,,LPG6
2,vert,,,,CVJC
2,rouge,,,,SBKX
2,bleu,,,,BBHQ
2,jaune,,,,GFF9
3,vert,,,,65JW
3,rouge,,,,8WK8
3,bleu,,,,3DTC
3,jaune,,,,GF84
4,vert,,,,58B8
4,rouge,,,,FDXT
4,bleu,,,,X53Q
4,jaune,,,,GHHR
1,vert,,,,XDFL
1,rouge,,,,49R9
1,bleu,,,,FFFG
1,jaune,,,,JKF7
2,vert,,,,PFKG
2,rouge,,,,RQCH
2,bleu,,,,PCF9
2,jaune,,,,PP8C
3,vert,,,,WL6V
3,rouge,,,,SK53
3,bleu,,,,PRJ3
3,jaune,,,,SFLV
4,vert,,,,TQKV
4,rouge,,,,84BJ
4,bleu,,,,3W4D
4,jaune,,,,L5TC
1,vert,,,,C4LW
1,rouge,,,,TK36
1,bleu,,,,XGTD
1,jaune,,,,WH9Q
2,vert,,,,8XT9
2,rouge,,,,WH5J
2,bleu,,,,5TB3
2,jaune,,,,FHT3
3,vert,,,,RC4D
3,rouge,,,,7QFX
3,bleu,,,,3HST
3,jaune,,,,HGL6
4,vert,,,,8C7T
4,rouge,,,,8QD4
4,bleu,,,,QFTF
4,jaune,,,,QVHK
1,vert,,,,WDQF
1,rouge,,,,BQDG
1,bleu,,,,KVRF
1,jaune,,,,JHXV
2,vert,,,,DBVW
2,rouge,,,,P9XV
2,bleu,,,,3SW5
2,jaune,,,,KP86
3,vert,,,,RQ4V
3,rouge,,,,979L
3,bleu,,,,G6RB
3,jaune,,,,SKDL
4,vert,,,,6CSH
4,rouge,,,,VCXF
4,bleu,,,,H79X
4,jaune,,,,SDDC
1,vert,,,,TJ3C
1,rouge,,,,5S8J
1,bleu,,,,CX48
1,jaune,,,,HBHP
2,vert,,,,GJBP
2,rouge,,,,B65P
2,bleu,,,,HJHS
2,jaune,,,,GCPG
3,vert,,,,D4QC
3,rouge,,,,V8T5
3,bleu,,,,6GH6
3,jaune,,,,8TJR
4,vert,,,,5WD7
4,rouge,,,,T8D8
4,bleu,,,,5XJ8
4,jaune,,,,VQ48
1,vert,,,,HBLS
1,rouge,,,,7W77
1,bleu,,,,W3C3
1,jaune,,,,9JQ3
2,vert,,,,HPRG
2,rouge,,,,B6KG
2,bleu,,,,VX37
2,jaune,,,,CQHD
3,vert,,,,8SPB
3,rouge,,,,9GP3
3,bleu,,,,6XRG
3,jaune,,,,LPT6
4,vert,,,,TSPF
4,rouge,,,,QV9Q
4,bleu,,,,DCJF
4,jaune,,,,HB9V
1,vert,,,,SBV9
1,rouge,,,,4D95
1,bleu,,,,BQ8V
1,jaune,,,,7WRX
2,vert,,,,9V5D
2,rouge,,,,VVJ6
2,bleu,,,,SLKJ
2,jaune,,,,CBK9
3,vert,,,,998D
3,rouge,,,,4KKF
3,bleu,,,,LHFW
3,jaune,,,,BKQB
4,vert,,,,4KB5
4,rouge,,,,RLXG
4,bleu,,,,GQPJ
4,jaune,,,,BFKS
1,vert,,,,TL87
1,rouge,,,,D9QT
1,bleu,,,,GPJF
1,jaune,,,,DLG9
2,vert,,,,4L4H
2,rouge,,,,BT64
2,bleu,,,,QB4J
2,jaune,,,,4J3L
3,vert,,,,38KT
3,rouge,,,,VSH4
3,bleu,,,,835P
3,jaune,,,,TJHB
4,vert,,,,RQTG
4,rouge,,,,RP8B
4,bleu,,,,VJBF
4,jaune,,,,KQQS
1,vert,,,,PT5G
1,rouge,,,,C6DJ
1,bleu,,,,HKJP
1,jaune,,,,GW4B
2,vert,,,,KHXK
2,rouge,,,,RTK6
2,bleu,,,,5DQV
2,jaune,,,,4WWH
3,vert,,,,56PK
3,rouge,,,,X5KC
3,bleu,,,,Q9VP
3,jaune,,,,BWXV
4,vert,,,,SCTW
4,rouge,,,,WG3L
4,bleu,,,,8V48
4,jaune,,,,DPRL
1,vert,,,,GBLP
1,rouge,,,,QCHS
1,bleu,,,,W5KS
1,jaune,,,,J5XJ
2,vert,,,,4FWJ
2,rouge,,,,XVXT
2,bleu,,,,TQK5
2,jaune,,,,CGHJ
3,vert,,,,VCSP
3,rouge,,,,D36X
3,bleu,,,,GJX6
3,jaune,,,,HPDP
4,vert,,,,QBCB
4,rouge,,,,WRPG
4,bleu,,,,HXTX
4,jaune,,,,WSJ9
1,vert,,,,XCDR
1,rouge,,,,XRBP
1,bleu,,,,9SWJ
1,jaune,,,,L9KJ
2,vert,,,,LDK4
2,rouge,,,,76SH
2,bleu,,,,DGD6
2,jaune,,,,9C8F
3,vert,,,,TJDS
3,rouge,,,,6647
3,bleu,,,,3P7H
3,jaune,,,,PGQR
4,vert,,,,G673
4,rouge,,,,HJF7
4,bleu,,,,GK8D
4,jaune,,,,4W4T
1,vert,,,,H7QJ
1,rouge,,,,R4LH
1,bleu,,,,LTD7
1,jaune,,,,9QBC
2,vert,,,,BFCV
2,rouge,,,,LQR5
2,bleu,,,,Q66L
2,jaune,,,,WR57
3,vert,,,,DQ87
3,rouge,,,,CXTC
3,bleu,,,,VHST
3,jaune,,,,GS7Q
4,vert,,,,FW5F
4,rouge,,,,TTBQ
4,bleu,,,,7C65
4,jaune,,,,HFQ4
1,vert,,,,K8CX
1,rouge,,,,B899
1,bleu,,,,BRL9
1,jaune,,,,6TWT
2,vert,,,,QWJQ
2,rouge,,,,TGSQ
2,bleu,,,,BTGR
2,jaune,,,,WD47
3,vert,,,,RDHV
3,rouge,,,,5JJG
3,bleu,,,,S9DX
3,jaune,,,,39PP
4,vert,,,,55RK
4,rouge,,,,QBGB
4,bleu,,,,RGBB
4,jaune,,,,CFLB
1,vert,,,,XSHL
1,rouge,,,,V3PH
1,bleu,,,,C5LP
1,jaune,,,,BC4X
2,vert,,,,5XSV
2,rouge,,,,JJFW
2,bleu,,,,QTBR
2,jaune,,,,CPLT
3,vert,,,,4KC7
3,rouge,,,,VDDG
3,bleu,,,,BCKL
3,jaune,,,,WRT3
4,vert,,,,XS68
4,rouge,,,,BTJR
4,bleu,,,,FSWJ
4,jaune,,,,G5CD
1,vert,,,,PVKH
1,rouge,,,,LFHG
1,bleu,,,,L9FH
1,jaune,,,,W466
2,vert,,,,3PDF
2,rouge,,,,5TK3
2,bleu,,,,VQJG
2,jaune,,,,JVWS
3,vert,,,,6GCB
3,rouge,,,,TTDX
3,bleu,,,,DVSH
3,jaune,,,,55L4
4,vert,,,,D7KV
4,rouge,,,,R96W
4,bleu,,,,JSS3
4,jaune,,,,85FP
1,vert,,,,WRJB
1,rouge,,,,P3H3
1,bleu,,,,PXP4
1,jaune,,,,4V3Q
2,vert,,,,9VDL
2,rouge,,,,SLX6
2,bleu,,,,PCXP
2,jaune,,,,XBH4
3,vert,,,,QC8C
3,rouge,,,,GKRW
3,bleu,,,,PCTQ
3,jaune,,,,GHKG
4,vert,,,,F3PW
4,rouge,,,,KRR9
4,bleu,,,,H3B5
4,jaune,,,,GT4K
1,vert,,,,CK9B
1,rouge,,,,4D66
1,bleu,,,,D7B3
1,jaune,,,,PHPB
2,vert,,,,RTV4
2,rouge,,,,JSQ9
2,bleu,,,,3PDK
2,jaune,,,,RJ4F
3,vert,,,,BJGQ
3,rouge,,,,LHBT
3,bleu,,,,84S7
3,jaune,,,,R54F
4,vert,,,,F6T5
4,rouge,,,,8GGK
4,bleu,,,,VJBW
4,jaune,,,,6KF6
1,vert,,,,DVQX
1,rouge,,,,8F49
1,bleu,,,,PTSV
1,jaune,,,,BJ5P
2,vert,,,,D8XH
2,rouge,,,,PT83
2,bleu,,,,QT73
2,jaune,,,,LTWR
3,vert,,,,PXXW
3,rouge,,,,XRLD
3,bleu,,,,TQK9
3,jaune,,,,T6CG
4,vert,,,,LTBX
4,rouge,,,,Q9SS
4,bleu,,,,XF7X
4,jaune,,,,98DJ
1,vert,,,,F3XF
1,rouge,,,,T94Q
1,bleu,,,,LFSJ
1,jaune,,,,5GG4
2,vert,,,,D676
2,rouge,,,,BP7Q
2,bleu,,,,X85X
2,jaune,,,,TG5C
3,vert,,,,6PSB
3,rouge,,,,FVF6
3,bleu,,,,R4RW
3,jaune,,,,VPRW
4,vert,,,,G3FJ
4,rouge,,,,D9DV
4,bleu,,,,5D4C
4,jaune,,,,3WPJ
1,vert,,,,BKHV
1,rouge,,,,7S7B
1,bleu,,,,FB4Q
1,jaune,,,,65Q7
2,vert,,,,6JQ3
2,rouge,,,,T38S
2,bleu,,,,5JFV
2,jaune,,,,8DKX
3,vert,,,,HSGG
3,rouge,,,,RP44
3,bleu,,,,XR3T
3,jaune,,,,G55F
4,vert,,,,PXQF
4,rouge,,,,6FDP
4,bleu,,,,G37T
4,jaune,,,,QQFS
1,vert,,,,FS6K
1,rouge,,,,JRLK
1,bleu,,,,WLQG
1,jaune,,,,7D9C
2,vert,,,,DCH9
2,rouge,,,,VQ47
2,bleu,,,,GKHC
2,jaune,,,,RJ46
3,vert,,,,WTX7
3,rouge,,,,XCGP
3,bleu,,,,QFXJ
3,jaune,,,,57FT
4,vert,,,,CBDR
4,rouge,,,,KJWK
4,bleu,,,,JJR5
4,jaune,,,,GK37
1,vert,,,,4S3Q
1,rouge,,,,K3XP
1,bleu,,,,6R54
1,jaune,,,,63L6
2,vert,,,,3L6B
2,rouge,,,,G9DV
2,bleu,,,,Q67W
2,jaune,,,,V5XW
3,vert,,,,JKCW
3,rouge,,,,JQSK
3,bleu,,,,GVCH
3,jaune,,,,FLFC
4,vert,,,,J6DB
4,rouge,,,,WKWK
4,bleu,,,,SS6R
4,jaune,,,,HR54
1,vert,,,,GBD8
1,rouge,,,,5RF8
1,bleu,,,,SKJW
1,jaune,,,,VHP4
2,vert,,,,7TFC
2,rouge,,,,TSS4
2,bleu,,,,DCJC
2,jaune,,,,T6LF
3,vert,,,,XTLH
3,rouge,,,,6LB7
3,bleu,,,,3HDW
3,jaune,,,,HJS4
4,vert,,,,CPVG
4,rouge,,,,Q4JF
4,bleu,,,,DS7H
4,jaune,,,,X4S8
1,vert,,,,55JD
1,rouge,,,,XSKV
1,bleu,,,,L55D
1,jaune,,,,L6WG
2,vert,,,,B6B8
2,rouge,,,,9S76
2,bleu,,,,V4BP
2,jaune,,,,3C9P
3,vert,,,,RQHG
3,rouge,,,,6DGT
3,bleu,,,,C3XG
3,jaune,,,,R77S
4,vert,,,,XR9P
4,rouge,,,,RP85
4,bleu,,,,GS47
4,jaune,,,,FC83
1,vert,,,,8KD8
1,rouge,,,,55RC
1,bleu,,,,7CLB
1,jaune,,,,HJ9Q
2,vert,,,,PVC8
2,rouge,,,,LXR8
2,bleu,,,,CTDQ
2,jaune,,,,F69X
3,vert,,,,575V
3,rouge,,,,64QJ
3,bleu,,,,BB94
3,jaune,,,,W47B
4,vert,,,,6BJS
4,rouge,,,,4G3H
4,bleu,,,,SDHP
4,jaune,,,,WK9P
1,vert,,,,WW96
1,rouge,,,,FVWL
1,bleu,,,,FGQB
1,jaune,,,,87LX
2,vert,,,,L83D
2,rouge,,,,7T4K
2,bleu,,,,STDF
2,jaune,,,,G5X5
3,vert,,,,FKX5
3,rouge,,,,PJBL
3,bleu,,,,7JLL
3,jaune,,,,JX6L
4,vert,,,,B358
4,rouge,,,,TFSW
4,bleu,,,,S4CS
4,jaune,,,,94KC
1,vert,,,,LHLB
1,rouge,,,,3XGD
1,bleu,,,,6KP4
1,jaune,,,,FPXS
2,vert,,,,7F67
2,rouge,,,,CBF9
2,bleu,,,,PSTD
2,jaune,,,,FPHL
3,vert,,,,5SFG
3,rouge,,,,K7X7
3,bleu,,,,5TFP
3,jaune,,,,5TPS
4,vert,,,,FP43
4,rouge,,,,VKQV
4,bleu,,,,5C6B
4,jaune,,,,PXGJ
1,vert,,,,3T6B
1,rouge,,,,SWRC
1,bleu,,,,HVH5
1,jaune,,,,TCTC
2,vert,,,,GT7G
2,rouge,,,,WFVF
2,bleu,,,,BLBT
2,jaune,,,,8KRG
3,vert,,,,LCR3
3,rouge,,,,W9SD
3,bleu,,,,794C
3,jaune,,,,HHFJ
4,vert,,,,W5V3
4,rouge,,,,SL87
4,bleu,,,,H8SV
4,jaune,,,,HFK5
1,vert,,,,SBRL
1,rouge,,,,JRHL
1,bleu,,,,GKX4
1,jaune,,,,5KWF
2,vert,,,,HD9S
2,rouge,,,,68F4
2,bleu,,,,RJXT
2,jaune,,,,7QBL
3,vert,,,,BVHF
3,rouge,,,,H7XX
3,bleu,,,,R7LP
3,jaune,,,,CPV8
4,vert,,,,S7HJ
4,rouge,,,,PL97
4,bleu,,,,786J
4,jaune,,,,FKWG
1,vert,,,,RRPG
1,rouge,,,,8J67
1,bleu,,,,KC9S
1,jaune,,,,VFSP
2,vert,,,,H746
2,rouge,,,,F8KH
2,bleu,,,,93GW
2,jaune,,,,Q4SG
3,vert,,,,PKGB
3,rouge,,,,8CLS
3,bleu,,,,B4WC
3,jaune,,,,WGW3
4,vert,,,,CLHR
4,rouge,,,,THSR
4,bleu,,,,QTK7
4,jaune,,,,D7XS
1,vert,,,,6KDW
1,rouge,,,,VDW6
1,bleu,,,,SD4S
1,jaune,,,,33K8
2,vert,,,,7KWH
2,rouge,,,,G4LC
2,bleu,,,,HVLD
2,jaune,,,,WWCL
3,vert,,,,6XLV
3,rouge,,,,HWQ4
3,bleu,,,,VLBD
3,jaune,,,,S5R9
4,vert,,,,KTCT
4,rouge,,,,XQKR
4,bleu,,,,43CX
4,jaune,,,,K8B9
1,vert,,,,CHKT
1,rouge,,,,D874
1,bleu,,,,HHJ4
1,jaune,,,,X489
2,vert,,,,TFTD
2,rouge,,,,W9GT
2,bleu,,,,9BXD
2,jaune,,,,8JPV
3,vert,,,,C7QP
3,rouge,,,,XX9C
3,bleu,,,,D468
3,jaune,,,,4CD6
4,vert,,,,FF3F
4,rouge,,,,TVHQ
4,bleu,,,,GFGL
4,jaune,,,,F945
1,vert,,,,3RK7
1,rouge,,,,R74C
1,bleu,,,,VCSB
1,jaune,,,,Q6FG
2,vert,,,,3GXT
2,rouge,,,,WVXH
2,bleu,,,,HRLX
2,jaune,,,,LRLP
3,vert,,,,WLRL
3,rouge,,,,BX7J
3,bleu,,,,5PD9
3,jaune,,,,W57B
4,vert,,,,RS34
4,rouge,,,,H77C
4,bleu,,,,VVJW
4,jaune,,,,3DS9
1,vert,,,,RS8G
1,rouge,,,,4SVQ
1,bleu,,,,W6PF
1,jaune,,,,5CWH
2,vert,,,,RGPB
2,rouge,,,,DV46
2,bleu,,,,JGBW
2,jaune,,,,QKP8
3,vert,,,,J35H
3,rouge,,,,HW7X
3,bleu,,,,8STR
3,jaune,,,,GCHQ
4,vert,,,,LWWW
4,rouge,,,,J9XF
4,bleu,,,,BQLG
4,jaune,,,,WWWC
1,vert,,,,T5GC
1,rouge,,,,RJ54
1,bleu,,,,VJ9S
1,jaune,,,,FLTW
2,vert,,,,9RTV
2,rouge,,,,CL73
2,bleu,,,,GRF5
2,jaune,,,,RL3G
3,vert,,,,7SHB
3,rouge,,,,X8Q6
3,bleu,,,,6KG8
3,jaune,,,,R9XF
4,vert,,,,X77D
4,rouge,,,,T6CS
4,bleu,,,,V3BH
4,jaune,,,,TX3V
1,vert,,,,VHCX
1,rouge,,,,7465
1,bleu,,,,QFT5
1,jaune,,,,4KKP
2,vert,,,,3QDL
2,rouge,,,,3DB9
2,bleu,,,,RQHW
2,jaune,,,,QG93
3,vert,,,,LSSH
3,rouge,,,,9DQQ
3,bleu,,,,VF5R
3,jaune,,,,9HTC
4,vert,,,,XRC6
4,rouge,,,,FK3V
4,bleu,,,,X8WQ
4,jaune,,,,HV38
1,vert,,,,XB9S
1,rouge,,,,WLX9
1,bleu,,,,WL45
1,jaune,,,,9VD3
2,vert,,,,BV7K
2,rouge,,,,T5S3
2,bleu,,,,BSGK
2,jaune,,,,45KH
3,vert,,,,LQCD
3,rouge,,,,9T3R
3,bleu,,,,FQVR
3,jaune,,,,6LWX
4,vert,,,,T453
4,rouge,,,,JL8D
4,bleu,,,,RLL6
4,jaune,,,,BTQF
1,vert,,,,9H6D
1,rouge,,,,V5JS
1,bleu,,,,V45S
1,jaune,,,,PLS9
2,vert,,,,RGP5
2,rouge,,,,L6W3
2,bleu,,,,6QH9
2,jaune,,,,VC4J
3,vert,,,,7GK5
3,rouge,,,,PSFJ
3,bleu,,,,556D
3,jaune,,,,PPS5
4,vert,,,,73KC
4,rouge,,,,FTXR
4,bleu,,,,64BD
4,jaune,,,,HFKR
1,vert,,,,8WP4
1,rouge,,,,QFV7
1,bleu,,,,8R97
1,jaune,,,,HP93
2,vert,,,,837G
2,rouge,,,,GRGH
2,bleu,,,,7F3R
2,jaune,,,,VGCG
3,vert,,,,83QJ
3,rouge,,,,3BJT
3,bleu,,,,LBTQ
3,jaune,,,,QQBS
4,vert,,,,SP4H
4,rouge,,,,K34F
4,bleu,,,,85CH
4,jaune,,,,HFWT
1,vert,,,,TBFL
1,rouge,,,,9FP9
1,bleu,,,,TDH9
1,jaune,,,,SDQL
2,vert,,,,7QHB
2,rouge,,,,3BQ8
2,bleu,,,,HG3H
2,jaune,,,,JB78
3,vert,,,,GX44
3,rouge,,,,THRR
3,bleu,,,,XQHG
3,jaune,,,,XG8B
4,vert,,,,C9HV
4,rouge,,,,VLQ8
4,bleu,,,,3PS3
4,jaune,,,,GLQJ
1,vert,,,,GP8V
1,rouge,,,,D3W7
1,bleu,,,,HWP3
1,jaune,,,,XCVG
2,vert,,,,8WTB
2,rouge,,,,B8S6
2,bleu,,,,L7S6
2,jaune,,,,J684
3,vert,,,,7R8Q
3,rouge,,,,FJDV
3,bleu,,,,XDBC
3,jaune,,,,CL8V
4,vert,,,,FXB8
4,rouge,,,,P9JK
4,bleu,,,,K9KP
4,jaune,,,,56HX
1,vert,,,,LGWG
1,rouge,,,,WDQR
1,bleu,,,,9CQ3
1,jaune,,,,FKH9
2,vert,,,,6X3K
2,rouge,,,,CHWC
2,bleu,,,,V9JS
2,jaune,,,,P5X7
3,vert,,,,5XCW
3,rouge,,,,DXSJ
3,bleu,,,,ST9P
3,jaune,,,,KK89
4,vert,,,,C94Q
4,rouge,,,,C3P4
4,bleu,,,,GVWB
4,jaune,,,,4RG7
1,vert,,,,JR4H
1,rouge,,,,S3QW
1,bleu,,,,D4J4
1,jaune,,,,S9J7
2,vert,,,,BPFW
2,rouge,,,,LVKW
2,bleu,,,,GJ7H
2,jaune,,,,R8SG
