salle,couleur,id
1,vert,FCHD
1,rouge,HSVH
1,bleu,RCQV
1,jaune,739K
2,vert,3QXS
2,rouge,B785
2,bleu,HR3V
2,jaune,4WF7
3,vert,J89Q
3,rouge,QT7T
3,bleu,SSBH
3,jaune,PWHS
4,vert,DQJG
4,rouge,WSH4
4,bleu,9KGS
4,jaune,LF99
1,vert,S3X7
1,rouge,88LS
1,bleu,8KH4
1,jaune,7W9R
2,vert,C3C9
2,rouge,D369
2,bleu,BRLL
2,jaune,L684
3,vert,CPD5
3,rouge,SC8H
3,bleu,58CK
3,jaune,SH77
4,vert,7XXT
4,rouge,XWX4
4,bleu,X6C7
4,jaune,V746
1,vert,46PL
1,rouge,45X6
1,bleu,QJ6J
1,jaune,FSW9
2,vert,PT5G
2,rouge,LVH7
2,bleu,5H4J
2,jaune,QKR9
3,vert,4JHD
3,rouge,LKK9
3,bleu,R9XC
3,jaune,4DLK
4,vert,TVTR
4,rouge,HHC7
4,bleu,GKJQ
4,jaune,4C4D
1,vert,6G7P
1,rouge,LPFW
1,bleu,PLCV
1,jaune,JV98
2,vert,FWKD
2,rouge,DWHR
2,bleu,WSTT
2,jaune,FL5P
3,vert,DG7W
3,rouge,3LVW
3,bleu,BW9J
3,jaune,PPPW
4,vert,FLS6
4,rouge,45TB
4,bleu,RTHL
4,jaune,XCD6
1,vert,JSRV
1,rouge,9V8W
1,bleu,PT34
1,jaune,C35P
2,vert,9CBS
2,rouge,WQR9
2,bleu,KV4C
2,jaune,S4LD
3,vert,F5J4
3,rouge,V76Q
3,bleu,3HKJ
3,jaune,BJ85
4,vert,6JBQ
4,rouge,Q5KK
4,bleu,FF3L
4,jaune,3V3G
1,vert,B4XS
1,rouge,TLJ9
1,bleu,TCBQ
1,jaune,WVWQ
2,vert,RVHX
2,rouge,7WK4
2,bleu,9P7S
2,jaune,6JKQ
3,vert,QSL4
3,rouge,QR9R
3,bleu,3JV6
3,jaune,XVSG
4,vert,HWST
4,rouge,7BQH
4,bleu,37KV
4,jaune,9PGC
1,vert,DWXR
1,rouge,SJCF
1,bleu,KL6T
1,jaune,RCT4
2,vert,9VR5
2,rouge,FSKJ
2,bleu,8PP4
2,jaune,KPBV
3,vert,59GX
3,rouge,4KR3
3,bleu,B8WH
3,jaune,LLR8
4,vert,TPPS
4,rouge,B68R
4,bleu,CG8D
4,jaune,GK6C
1,vert,8K78
1,rouge,CB97
1,bleu,7DCS
1,jaune,PBVP
2,vert,4CHW
2,rouge,D8XF
2,bleu,SPPK
2,jaune,LC4B
3,vert,89LG
3,rouge,P86G
3,bleu,6GR9
3,jaune,PC56
4,vert,J958
4,rouge,SRXD
4,bleu,VFLK
4,jaune,56VW
1,vert,PQGB
1,rouge,DGFC
1,bleu,W5RV
1,jaune,PWWP
2,vert,BR97
2,rouge,9FCV
2,bleu,CKH9
2,jaune,J78C
3,vert,98HH
3,rouge,HWSS
3,bleu,JPPH
3,jaune,BLSB
4,vert,8JD6
4,rouge,D48J
4,bleu,K3LK
4,jaune,SLXS
1,vert,G6PQ
1,rouge,V94H
1,bleu,3WCQ
1,jaune,6HP8
2,vert,Q9X8
2,rouge,LRG3
2,bleu,QRP3
2,jaune,8LK6
3,vert,RDQR
3,rouge,4WD3
3,bleu,QVCL
3,jaune,XJ9T
4,vert,9TT6
4,rouge,CP8Q
4,bleu,L38X
4,jaune,9B9G
1,vert,VLRB
1,rouge,QH65
1,bleu,94RV
1,jaune,LCCK
2,vert,H8W6
2,rouge,7JHB
2,bleu,4C4Q
2,jaune,5DQC
3,vert,7SF9
3,rouge,GKX5
3,bleu,VDLJ
3,jaune,DPK9
4,vert,Q48P
4,rouge,VJR7
4,bleu,3WGR
4,jaune,9H8T
1,vert,BR3W
1,rouge,8X7J
1,bleu,TD6R
1,jaune,QCC7
2,vert,HXVW
2,rouge,P5BF
2,bleu,339R
2,jaune,HCH5
3,vert,KTB9
3,rouge,7BWK
3,bleu,FF7V
3,jaune,T78F
4,vert,4V38
4,rouge,QQJF
4,bleu,PLG5
4,jaune,H84W
1,vert,HBTF
1,rouge,W4BQ
1,bleu,WDTL
1,jaune,VJVS
2,vert,B979
2,rouge,74B7
2,bleu,XRJC
2,jaune,TKW5
3,vert,BDGD
3,rouge,KSK5
3,bleu,7TGW
3,jaune,HCDS
4,vert,J54P
4,rouge,XFCW
4,bleu,LSDH
4,jaune,4HD9
1,vert,QX4D
1,rouge,94HH
1,bleu,68HQ
1,jaune,FLCP
2,vert,LLH8
2,rouge,R56F
2,bleu,4KX7
2,jaune,C39T
3,vert,3L77
3,rouge,THKK
3,bleu,W7QW
3,jaune,V88T
4,vert,4V7W
4,rouge,J783
4,bleu,V44X
4,jaune,5CDC
1,vert,KSS5
1,rouge,BL7H
1,bleu,5HX9
1,jaune,9HVV
2,vert,RQ4R
2,rouge,CLJD
2,bleu,54L5
2,jaune,GWDK
3,vert,J6DH
3,rouge,P55R
3,bleu,C8BC
3,jaune,KFJF
4,vert,DFX4
4,rouge,9FLJ
4,bleu,RWF3
4,jaune,QH4J
1,vert,QG5R
1,rouge,5SWJ
1,bleu,XKCD
1,jaune,QSQG
2,vert,C3KR
2,rouge,J8DR
2,bleu,64R4
2,jaune,F8FH
3,vert,L46R
3,rouge,P5G8
3,bleu,FX55
3,jaune,FTSX
4,vert,PXJD
4,rouge,FJ6J
4,bleu,9QVT
4,jaune,6DQV
1,vert,QRXP
1,rouge,JXX5
1,bleu,F4X8
1,jaune,4HCV
2,vert,FPDT
2,rouge,XGRL
2,bleu,VJ9L
2,jaune,KXXL
3,vert,X3BD
3,rouge,TPBH
3,bleu,8L8J
3,jaune,JX3H
4,vert,PH8G
4,rouge,3JWR
4,bleu,TVXH
4,jaune,TXRV
1,vert,B6WD
1,rouge,FSV4
1,bleu,T5PL
1,jaune,39XW
2,vert,8HGV
2,rouge,QVD4
2,bleu,3LQ9
2,jaune,PX83
3,vert,BB7D
3,rouge,H5DR
3,bleu,9GGQ
3,jaune,B7H8
4,vert,59DG
4,rouge,G9LR
4,bleu,X87X
4,jaune,SQTL
1,vert,HPD7
1,rouge,DQ98
1,bleu,LRKV
1,jaune,PXS6
2,vert,RLP4
2,rouge,SBHF
2,bleu,35X7
2,jaune,QV7T
3,vert,P9KJ
3,rouge,4F9S
3,bleu,BV9L
3,jaune,FVCX
4,vert,DTP5
4,rouge,68HV
4,bleu,74XJ
4,jaune,GLHL
1,vert,P8KJ
1,rouge,DGS7
1,bleu,T5LB
1,jaune,T4VK
2,vert,F8KF
2,rouge,HXKT
2,bleu,JSG8
2,jaune,S4VD
3,vert,JWPH
3,rouge,TQ7G
3,bleu,V94L
3,jaune,FRT4
4,vert,5G5X
4,rouge,GRJV
4,bleu,FTK4
4,jaune,T4SR
1,vert,GDTL
1,rouge,BSWB
1,bleu,QCW6
1,jaune,6BPS
2,vert,339J
2,rouge,HF34
2,bleu,6TDK
2,jaune,W8RH
3,vert,C896
3,rouge,PR9V
3,bleu,WR9S
3,jaune,GQDR
4,vert,SLL8
4,rouge,VCW6
4,bleu,W6GX
4,jaune,LCRF
1,vert,V7TF
1,rouge,QP7X
1,bleu,5JT4
1,jaune,D4X7
2,vert,4Q3V
2,rouge,VP6V
2,bleu,HK7D
2,jaune,L57S
3,vert,RSVH
3,rouge,FQ6P
3,bleu,5HFH
3,jaune,G4HS
4,vert,HSG6
4,rouge,LW7Q
4,bleu,D5DD
4,jaune,PHCH
1,vert,GTD3
1,rouge,Q4HH
1,bleu,4JRP
1,jaune,JBWV
2,vert,55SS
2,rouge,7CV9
2,bleu,CSLP
2,jaune,69CF
3,vert,CG7C
3,rouge,V959
3,bleu,KQ5R
3,jaune,P8DD
4,vert,WBWB
4,rouge,6H5J
4,bleu,WDSD
4,jaune,7675
1,vert,5GX6
1,rouge,VGT3
1,bleu,3L6G
1,jaune,P8BH
2,vert,BSRT
2,rouge,86VL
2,bleu,WX3C
2,jaune,3WFC
3,vert,C3QC
3,rouge,4F5V
3,bleu,RDB9
3,jaune,F6GQ
4,vert,G3DC
4,rouge,3TPL
4,bleu,9H4K
4,jaune,K7DJ
1,vert,RKWR
1,rouge,FTS7
1,bleu,S7XJ
1,jaune,35BG
2,vert,S98D
2,rouge,H39W
2,bleu,LTXJ
2,jaune,97KC
3,vert,GPH8
3,rouge,6WLS
3,bleu,GLQC
3,jaune,GTSS
4,vert,DG4S
4,rouge,GJQ6
4,bleu,4BGQ
4,jaune,LS5K
1,vert,R8FT
1,rouge,J3FJ
1,bleu,4XTC
1,jaune,4GSH
2,vert,G3FR
2,rouge,V47S
2,bleu,RG38
2,jaune,WL56
3,vert,FV47
3,rouge,FB64
3,bleu,C78X
3,jaune,8RJH
4,vert,W4SR
4,rouge,8B6K
4,bleu,WXRW
4,jaune,6B4P
1,vert,P55W
1,rouge,G4HB
1,bleu,Q4S6
1,jaune,LLQF
2,vert,PDHQ
2,rouge,FTX6
2,bleu,P76S
2,jaune,VCQQ
3,vert,9PKX
3,rouge,3BC4
3,bleu,7HHC
3,jaune,SVL9
4,vert,9TSW
4,rouge,8B57
4,bleu,9QJ4
4,jaune,3S9G
1,vert,L387
1,rouge,SPTV
1,bleu,HXF8
1,jaune,HQ35
2,vert,3CGP
2,rouge,STWW
2,bleu,JGTH
2,jaune,FPQX
3,vert,7759
3,rouge,6D3D
3,bleu,F39S
3,jaune,P884
4,vert,T85B
4,rouge,T8FV
4,bleu,6VVT
4,jaune,QCRP
1,vert,BTPS
1,rouge,K3JB
1,bleu,FWB5
1,jaune,S97P
2,vert,87GR
2,rouge,GRHX
2,bleu,T49B
2,jaune,4R35
3,vert,F4HL
3,rouge,TSR6
3,bleu,X5LQ
3,jaune,TGGQ
4,vert,TKJP
4,rouge,8CRD
4,bleu,4RPK
4,jaune,PGHH
1,vert,6757
1,rouge,TP84
1,bleu,7F99
1,jaune,FTCG
2,vert,SXQJ
2,rouge,GGPF
2,bleu,XGFV
2,jaune,XCVP
3,vert,9PPJ
3,rouge,LBH6
3,bleu,DGWB
3,jaune,JTLP
4,vert,8XFW
4,rouge,LHKB
4,bleu,H4BJ
4,jaune,87LW
1,vert,6TT9
1,rouge,5SVB
1,bleu,PF6F
1,jaune,9JKJ
2,vert,VFCL
2,rouge,LWHS
2,bleu,S7P3
2,jaune,4WQ5
3,vert,3G3R
3,rouge,BPG7
3,bleu,HHKK
3,jaune,XTC6
4,vert,DQ49
4,rouge,4PLF
4,bleu,4VG3
4,jaune,XQRL
1,vert,TT8X
1,rouge,PR9H
1,bleu,WQBB
1,jaune,6385
2,vert,Q75T
2,rouge,L5BF
2,bleu,F7C9
2,jaune,QJBG
3,vert,DPC4
3,rouge,XPHX
3,bleu,CQ7J
3,jaune,TLWG
4,vert,RXDT
4,rouge,SGKJ
4,bleu,L48D
4,jaune,C3VH
1,vert,86WL
1,rouge,FB8V
1,bleu,DXDR
1,jaune,65BF
2,vert,43BS
2,rouge,WVP9
2,bleu,FGJ7
2,jaune,LFL7
3,vert,S8D4
3,rouge,K5HR
3,bleu,7CF8
3,jaune,K9QS
4,vert,GR7D
4,rouge,G9HR
4,bleu,BSW9
4,jaune,HPCK
1,vert,4WHW
1,rouge,64QJ
1,bleu,3DHQ
1,jaune,SSCS
2,vert,JBRV
2,rouge,R9FT
2,bleu,8SF3
2,jaune,HCCP
3,vert,VSPW
3,rouge,9WK6
3,bleu,BXCB
3,jaune,J559
4,vert,F8SV
4,rouge,TV3W
4,bleu,6B37
4,jaune,CQ9V
1,vert,W9HT
1,rouge,SHK5
1,bleu,WHQX
1,jaune,74Q5
2,vert,44LK
2,rouge,LRLX
2,bleu,RPWB
2,jaune,WLV4
3,vert,Q8HJ
3,rouge,RHD7
3,bleu,7HL7
3,jaune,LB7G
4,vert,JXDJ
4,rouge,HX7F
4,bleu,GFXR
4,jaune,7CQL
1,vert,9BRH
1,rouge,QR8J
1,bleu,6JCW
1,jaune,XHQT
2,vert,58GX
2,rouge,JT79
2,bleu,65RG
2,jaune,G3LF
3,vert,85TW
3,rouge,VDBJ
3,bleu,RX8Q
3,jaune,PBBV
4,vert,TV9S
4,rouge,LXDJ
4,bleu,PBJL
4,jaune,57G7
1,vert,LV46
1,rouge,TQ34
1,bleu,DS7V
1,jaune,4T8S
2,vert,BXXC
2,rouge,754P
2,bleu,PVKQ
2,jaune,8JFP
3,vert,FG3V
3,rouge,8GK9
3,bleu,F95P
3,jaune,XJ9R
4,vert,54D6
4,rouge,R5BL
4,bleu,86KT
4,jaune,CTC8
1,vert,4L7R
1,rouge,J3FH
1,bleu,RVPT
1,jaune,7GRL
2,vert,BVSH
2,rouge,DJXJ
2,bleu,D3GT
2,jaune,XWXR
3,vert,56Q8
3,rouge,R53F
3,bleu,8Q97
3,jaune,J75H
4,vert,TPGK
4,rouge,HPSH
4,bleu,CLDH
4,jaune,C5FG
1,vert,RKPV
1,rouge,RJ4T
1,bleu,H34K
1,jaune,CJ6F
2,vert,D8VX
2,rouge,JBRJ
2,bleu,84TV
2,jaune,QLG9
3,vert,8FTS
3,rouge,R8RW
3,bleu,5743
3,jaune,JJ6G
4,vert,FTTS
4,rouge,3GDC
4,bleu,JSKH
4,jaune,XPDT
1,vert,9SJQ
1,rouge,W88B
1,bleu,6WQQ
1,jaune,X9V3
2,vert,FQWC
2,rouge,JTTW
2,bleu,8LSC
2,jaune,4BRH
3,vert,9797
3,rouge,3QTB
3,bleu,J7JX
3,jaune,SC6V
4,vert,GDJB
4,rouge,KRDT
4,bleu,7SR3
4,jaune,WP37
1,vert,3W5Q
1,rouge,XBWD
1,bleu,PG7F
1,jaune,PV68
2,vert,4C53
2,rouge,B6J6
2,bleu,VT96
2,jaune,7XQ4
3,vert,G9PV
3,rouge,GVJQ
3,bleu,WBQS
3,jaune,6VJS
4,vert,7JH4
4,rouge,DKQB
4,bleu,SL7R
4,jaune,J4LP
1,vert,TTLX
1,rouge,LJFR
1,bleu,3644
1,jaune,G6LB
2,vert,CK7J
2,rouge,PJ5K
2,bleu,9JHJ
2,jaune,8WXK
3,vert,R9BK
3,rouge,WK48
3,bleu,VWL6
3,jaune,W9LX
4,vert,L8X6
4,rouge,SSQR
4,bleu,KK5C
4,jaune,TQ59
1,vert,GFKR
1,rouge,F786
1,bleu,PTB7
1,jaune,9G55
2,vert,LQ7X
2,rouge,H975
2,bleu,TC6Q
2,jaune,SQX6
3,vert,J4BG
3,rouge,D9H9
3,bleu,KVQ5
3,jaune,9LSB
4,vert,7KGD
4,rouge,CTWH
4,bleu,PPRW
4,jaune,5SXS
1,vert,CDCH
1,rouge,GQ6J
1,bleu,77WV
1,jaune,HLJW
2,vert,6VBW
2,rouge,8R6F
2,bleu,TXBG
2,jaune,T444
3,vert,D588
3,rouge,334G
3,bleu,QW5T
3,jaune,PV93
4,vert,SS75
4,rouge,PSFR
4,bleu,34J4
4,jaune,53HL
1,vert,6685
1,rouge,35CK
1,bleu,XPR6
1,jaune,6SQ5
2,vert,CV3C
2,rouge,T8XP
2,bleu,S4KJ
2,jaune,L35P
3,vert,9TTS
3,rouge,SDWR
3,bleu,R4VC
3,jaune,GCRD
4,vert,349X
4,rouge,658J
4,bleu,5V7P
4,jaune,5FBS
1,vert,D9RL
1,rouge,JKC9
1,bleu,BKJT
1,jaune,7847
2,vert,9RJP
2,rouge,6WGV
2,bleu,L965
2,jaune,XF46
3,vert,BJFH
3,rouge,BPXH
3,bleu,HDS6
3,jaune,XS3F
4,vert,4JG9
4,rouge,76VF
4,bleu,3DPW
4,jaune,4XWP
1,vert,VJH5
1,rouge,TX8K
1,bleu,DSFH
1,jaune,FPX6
2,vert,86DP
2,rouge,5L4K
2,bleu,P7SH
2,jaune,KR9B
3,vert,4C76
3,rouge,LV3J
3,bleu,KP4H
3,jaune,L6XK
4,vert,6JWV
4,rouge,6QHG
4,bleu,JK36
4,jaune,BXXD
1,vert,HXR4
1,rouge,T4PC
1,bleu,Q8RT
1,jaune,BK78
2,vert,8LQG
2,rouge,JPPJ
2,bleu,GV5J
2,jaune,KWPC
3,vert,S4JT
3,rouge,HG8C
3,bleu,CHK5
3,jaune,WC9X
4,vert,96BJ
4,rouge,84PC
4,bleu,V98W
4,jaune,BJL4
1,vert,DHQP
1,rouge,5VRF
1,bleu,4Q4K
1,jaune,HXTS
2,vert,6KLQ
2,rouge,F83G
2,bleu,5TXF
2,jaune,KBWF
3,vert,W66J
3,rouge,D8C7
3,bleu,F4K4
3,jaune,JCKF
4,vert,4LRG
4,rouge,LW4W
4,bleu,9VFP
4,jaune,PBT3
1,vert,WKQF
1,rouge,FJL6
1,bleu,8W5S
1,jaune,KCSS
2,vert,LGWB
2,rouge,3BRJ
2,bleu,8HJS
2,jaune,8RJT
3,vert,LTJV
3,rouge,R354
3,bleu,J7X8
3,jaune,XSRS
4,vert,BXH5
4,rouge,HJB9
4,bleu,6DHQ
4,jaune,GHWK
1,vert,3R49
1,rouge,X6QV
1,bleu,96HX
1,jaune,59ST
2,vert,RFK6
2,rouge,FHLD
2,bleu,J5JK
2,jaune,VP3L
3,vert,76Q3
3,rouge,J9XC
3,bleu,X97G
3,jaune,KSXD
4,vert,JFP5
4,rouge,F4K5
4,bleu,9LR4
4,jaune,B9RV
1,vert,5J5D
1,rouge,HR7X
1,bleu,Q963
1,jaune,T4W7
2,vert,66KX
2,rouge,95SL
2,bleu,VFXG
2,jaune,8G8W
3,vert,4C77
3,rouge,BD3G
3,bleu,QF4F
3,jaune,TBB6
4,vert,VKGQ
4,rouge,8VJR
4,bleu,PBVL
4,jaune,S5FV
1,vert,446B
1,rouge,B7G7
1,bleu,6XBH
1,jaune,5RW6
2,vert,LS8S
2,rouge,F9C4
2,bleu,BT65
2,jaune,D36L
3,vert,KGHP
3,rouge,JVFC
3,bleu,7FSD
3,jaune,9QSQ
4,vert,RTXG
4,rouge,DFV3
4,bleu,TX5X
4,jaune,QWD9
1,vert,BKL8
1,rouge,JRRD
1,bleu,H5GX
1,jaune,6G3T
2,vert,SS5H
2,rouge,G9DB
2,bleu,SGTC
2,jaune,JTF3
3,vert,TC6B
3,rouge,GKG5
3,bleu,V6TD
3,jaune,W865
4,vert,T6XD
4,rouge,3HJP
4,bleu,PLF9
4,jaune,8D4H
1,vert,75P4
1,rouge,PFTG
1,bleu,FQGS
1,jaune,JVK3
2,vert,TJGS
2,rouge,8SK5
2,bleu,9BWP
2,jaune,7KG5
3,vert,LVW8
3,rouge,BVBR
3,bleu,HKWF
3,jaune,6Q7F
4,vert,F6PF
4,rouge,GKCK
4,bleu,HKVK
4,jaune,BHDX
1,vert,R37T
1,rouge,LHJH
1,bleu,RX4S
1,jaune,648S
2,vert,CKDQ
2,rouge,D358
2,bleu,SQDP
2,jaune,SP66
3,vert,69LT
3,rouge,V4FG
3,bleu,X4PH
3,jaune,5XQG
4,vert,JXS4
4,rouge,8XWS
4,bleu,BLDK
4,jaune,PDCR
1,vert,47FS
1,rouge,BVRG
1,bleu,CJQP
1,jaune,S7WR
2,vert,SC8D
2,rouge,XBP4
2,bleu,H4GG
2,jaune,548L
3,vert,35KX
3,rouge,57G9
3,bleu,R3CR
3,jaune,K99B
4,vert,JHX3
4,rouge,R348
4,bleu,9HKL
4,jaune,8BKB
1,vert,WQ64
1,rouge,8793
1,bleu,STG4
1,jaune,WRG4
2,vert,789G
2,rouge,S9GH
2,bleu,LGFG
2,jaune,4QK4
3,vert,WHBS
3,rouge,CFRR
3,bleu,DP93
3,jaune,HRBD
4,vert,7GWK
4,rouge,W3C5
4,bleu,HCK3
4,jaune,VJCP
1,vert,JX53
1,rouge,K5BG
1,bleu,4P6K
1,jaune,GKQK
2,vert,CWJG
2,rouge,7WFJ
2,bleu,47K3
2,jaune,DFXQ
3,vert,PS5H
3,rouge,4J57
3,bleu,T4SB
3,jaune,TDDV
4,vert,DKCJ
4,rouge,DQ5H
4,bleu,LS7J
4,jaune,D3KL
1,vert,WXFW
1,rouge,HQ9F
1,bleu,9JPF
1,jaune,QQF9
2,vert,8SQG
2,rouge,F53H
2,bleu,B375
2,jaune,KRFT
3,vert,H8LC
3,rouge,PQHQ
3,bleu,49FV
3,jaune,56JR
4,vert,8H67
4,rouge,VTQL
4,bleu,B9WL
4,jaune,3CQ5
1,vert,GL9T
1,rouge,GFLX
1,bleu,JWWX
1,jaune,JKKL
2,vert,G53X
2,rouge,W95K
2,bleu,XCQK
2,jaune,K7H9
3,vert,5W9Q
3,rouge,S7S4
3,bleu,5JLS
3,jaune,BW45
4,vert,85VJ
4,rouge,QGRV
4,bleu,4G6T
4,jaune,9CPB
1,vert,THTH
1,rouge,W53J
1,bleu,CBLQ
1,jaune,S65F
2,vert,C6WG
2,rouge,DR4J
2,bleu,T35Q
2,jaune,XHJP
3,vert,P8VQ
3,rouge,5LG6
3,bleu,3DCX
3,jaune,99SW
4,vert,TTJS
4,rouge,39BX
4,bleu,BG8H
4,jaune,DF73
1,vert,8P3L
1,rouge,X9J4
1,bleu,R7PB
1,jaune,HTPF
2,vert,JTBC
2,rouge,5D63
2,bleu,F6VP
2,jaune,8QJS
3,vert,WVV3
3,rouge,W7KR
3,bleu,WL54
3,jaune,B97Q
4,vert,33J8
4,rouge,WRQG
4,bleu,PL7D
4,jaune,RBWT
1,vert,WHP9
1,rouge,BW4R
1,bleu,RTKK
1,jaune,6W99
2,vert,DK84
2,rouge,R3XK
2,bleu,9JB4
2,jaune,PQ3R
3,vert,GB7D
3,rouge,P67K
3,bleu,XV68
3,jaune,PCD3
4,vert,VSKK
4,rouge,C7KP
4,bleu,PQXK
4,jaune,SBKP
1,vert,3F84
1,rouge,HSP9
1,bleu,7WR5
1,jaune,H5F5
2,vert,QK4S
2,rouge,DVB6
2,bleu,KXG7
2,jaune,TGX7
3,vert,X4XB
3,rouge,TT8R
3,bleu,TH68
3,jaune,HPRH
4,vert,RDQ4
4,rouge,CLK7
4,bleu,58JS
4,jaune,9TFB
1,vert,PCK6
1,rouge,6PWQ
1,bleu,74XV
1,jaune,958Q
2,vert,HQHX
2,rouge,6FHJ
2,bleu,SPLR
2,jaune,JLT3
3,vert,LVR8
3,rouge,V74X
3,bleu,775S
3,jaune,4L65
4,vert,K4C6
4,rouge,8JWR
4,bleu,6389
4,jaune,6PDG
1,vert,DDFV
1,rouge,ST4W
1,bleu,8Q33
1,jaune,WCQ8
2,vert,6WPL
2,rouge,VPKX
2,bleu,WT76
2,jaune,X4J5
3,vert,8P9W
3,rouge,LJVW
3,bleu,5X6W
3,jaune,J63X
4,vert,89PB
4,rouge,DW4L
4,bleu,BQ4J
4,jaune,7W8K
1,vert,VLHR
1,rouge,WB9S
1,bleu,LT6F
1,jaune,QW8V
2,vert,J5VV
2,rouge,Q8S5
2,bleu,RD8P
2,jaune,4CD9
3,vert,H49J
3,rouge,6J9J
3,bleu,GJ8P
3,jaune,9GLG
4,vert,G4XB
4,rouge,L9R5
4,bleu,QCS6
4,jaune,SXS8
1,vert,T4SQ
1,rouge,8LBS
1,bleu,8QGJ
1,jaune,VB9L
2,vert,LWK8
2,rouge,DBQJ
2,bleu,93CX
2,jaune,BCKH
3,vert,7W5X
3,rouge,VDT3
3,bleu,VPSH
3,jaune,PBXJ
4,vert,GXX3
4,rouge,JG78
4,bleu,VQC7
4,jaune,KKH7
1,vert,PB8L
1,rouge,6TBJ
1,bleu,894F
1,jaune,KGHJ
2,vert,F6QQ
2,rouge,DJ8L
2,bleu,VXB6
2,jaune,9S58
3,vert,T7FD
3,rouge,SVSK
3,bleu,4959
3,jaune,65L7
4,vert,7SQW
4,rouge,L783
4,bleu,RSSL
4,jaune,3T7H
1,vert,RXLT
1,rouge,PD8L
1,bleu,57TH
1,jaune,WRBH
2,vert,67SQ
2,rouge,7L6D
2,bleu,566L
2,jaune,QTPS
3,vert,46D8
3,rouge,XD5X
3,bleu,S9TT
3,jaune,6GP4
4,vert,TPB6
4,rouge,JLG3
4,bleu,JWKR
4,jaune,SVGP
1,vert,TSK4
1,rouge,93RL
1,bleu,V3B5
1,jaune,9LKD
2,vert,TQ6W
2,rouge,VHGX
2,bleu,QRVB
2,jaune,3RGX
3,vert,HC55
3,rouge,B87F
3,bleu,9973
3,jaune,8S54
4,vert,6RDL
4,rouge,KCJ9
4,bleu,LLRK
4,jaune,LTF6
1,vert,KF9R
1,rouge,L4H5
1,bleu,K86J
1,jaune,L544
2,vert,5T8R
2,rouge,CFGT
2,bleu,XF7T
2,jaune,L3CP
3,vert,3FTH
3,rouge,V4CX
3,bleu,PWRP
3,jaune,8KPP
4,vert,5B7J
4,rouge,TRJD
4,bleu,7S9X
4,jaune,SR9D
1,vert,WJ39
1,rouge,QV35
1,bleu,3D65
1,jaune,6DQX
2,vert,V5DS
2,rouge,FQX5
2,bleu,7P89
2,jaune,7KQ4
3,vert,PPT9
3,rouge,RRC7
3,bleu,87J4
3,jaune,DRRR
4,vert,XQHT
4,rouge,3BKX
4,bleu,SB4P
4,jaune,GGRV
1,vert,PT7S
1,rouge,S6JD
1,bleu,383P
1,jaune,P7XT
2,vert,K59P
2,rouge,R6BG
2,bleu,9CF4
2,jaune,4565
3,vert,X7FH
3,rouge,PPR9
3,bleu,8JWW
3,jaune,GJTW
4,vert,HQRL
4,rouge,7XCR
4,bleu,LK5D
4,jaune,GV59
1,vert,CJDK
1,rouge,L9TH
1,bleu,CRS9
1,jaune,QXQJ
2,vert,T7RP
2,rouge,RDK6
2,bleu,D7L9
2,jaune,KG48
3,vert,KPT5
3,rouge,5843
3,bleu,T9TB
3,jaune,LBDX
4,vert,W39P
4,rouge,JTDW
4,bleu,BL7C
4,jaune,VX9R
1,vert,RGP7
1,rouge,KCHJ
1,bleu,D7TV
1,jaune,4XL3
2,vert,6T87
2,rouge,6JV9
2,bleu,XD4G
2,jaune,F3CC
3,vert,P8D8
3,rouge,JPW4
3,bleu,5VCL
3,jaune,SSJS
4,vert,L55W
4,rouge,JQ63
4,bleu,C9FG
4,jaune,BRV5
1,vert,S3S8
1,rouge,88CR
1,bleu,STHV
1,jaune,4WCH
2,vert,GTTC
2,rouge,VHWH
2,bleu,CJWH
2,jaune,X9LQ
3,vert,STB5
3,rouge,DQB3
3,bleu,QJS9
3,jaune,BCHF
4,vert,X8F3
4,rouge,GSX9
4,bleu,K9CV
4,jaune,TKPS
1,vert,QLCD
1,rouge,3XBG
1,bleu,FTFG
1,jaune,GPSL
2,vert,HBFQ
2,rouge,KXX8
2,bleu,P4PD
2,jaune,LWTG
3,vert,DJS9
3,rouge,K7HD
3,bleu,XC38
3,jaune,FXX5
4,vert,5GDQ
4,rouge,FW35
4,bleu,XDCT
4,jaune,QSFL
1,vert,85H6
1,rouge,TSC3
1,bleu,4W89
1,jaune,45Q8
2,vert,W5B8
2,rouge,3495
2,bleu,99TP
2,jaune,HGVP
3,vert,G8JF
3,rouge,QV83
3,bleu,5CGH
3,jaune,QWWG
4,vert,GLVJ
4,rouge,RSR4
4,bleu,LHG6
4,jaune,HVJH
1,vert,BKF5
1,rouge,4Q5L
1,bleu,9LKH
1,jaune,6XSB
2,vert,QDX9
2,rouge,VWXF
2,bleu,6P54
2,jaune,K348
3,vert,P5R4
3,rouge,RPX4
3,bleu,DDV9
3,jaune,649B
4,vert,TBC5
4,rouge,FKKX
4,bleu,K9T7
4,jaune,DTQS
1,vert,BR6V
1,rouge,7BH4
1,bleu,WSCW
1,jaune,WQ93
2,vert,5DQ8
2,rouge,XRPF
2,bleu,QLQT
2,jaune,TH7J
3,vert,RHXS
3,rouge,6775
3,bleu,QVCX
3,jaune,68L9
4,vert,BCBL
4,rouge,WKDP
4,bleu,5FC5
4,jaune,P39J
1,vert,6RH7
1,rouge,SSS7
1,bleu,XWR8
1,jaune,DC8B
2,vert,F78P
2,rouge,D3JS
2,bleu,P7HG
2,jaune,734L
3,vert,FDVX
3,rouge,6KXB
3,bleu,C3PB
3,jaune,49RF
4,vert,KKB4
4,rouge,GVSK
4,bleu,PBXS
4,jaune,KCL5
1,vert,5F43
1,rouge,RRKF
1,bleu,JHCR
1,jaune,CPRP
2,vert,BW48
2,rouge,CFVV
2,bleu,DP6F
2,jaune,D5GL
3,vert,KSJD
3,rouge,L3RD
3,bleu,HT9J
3,jaune,SSKK
4,vert,6H7J
4,rouge,BRQ9
4,bleu,HPVT
4,jaune,CFL5
1,vert,H3L6
1,rouge,KKSW
1,bleu,LCBL
1,jaune,7BKT
2,vert,BHTT
2,rouge,WBHB
2,bleu,S7XS
2,jaune,FKLC
3,vert,53FD
3,rouge,RXRK
3,bleu,VHQQ
3,jaune,9L83
4,vert,HHCW
4,rouge,B66T
4,bleu,4QTG
4,jaune,GTL6
1,vert,VDKX
1,rouge,Q688
1,bleu,Q47B
1,jaune,73FV
2,vert,BW9P
2,rouge,9935
2,bleu,GBBD
2,jaune,9D5T
3,vert,6QVB
3,rouge,D8TQ
3,bleu,W9XS
3,jaune,X9PL
4,vert,VV39
4,rouge,9LHJ
4,bleu,X69H
4,jaune,F59D
1,vert,L9HB
1,rouge,DFT8
1,bleu,QJF4
1,jaune,VXB3
2,vert,53CD
2,rouge,XR74
2,bleu,W7BD
2,jaune,88J4
3,vert,HWVJ
3,rouge,3JLG
3,bleu,LLQH
3,jaune,DSXL
4,vert,46FC
4,rouge,G53B
4,bleu,DCJD
4,jaune,7K8S
1,vert,788P
1,rouge,QXBK
1,bleu,3VFV
1,jaune,VXCK
2,vert,G3VK
2,rouge,5C8K
2,bleu,QW3G
2,jaune,KKVX
3,vert,GVTX
3,rouge,GV9T
3,bleu,R36X
3,jaune,PFJ6
4,vert,X3FD
4,rouge,9VRC
4,bleu,56PV
4,jaune,FG6T
1,vert,PG5S
1,rouge,3SVV
1,bleu,JGG8
1,jaune,XGGK
2,vert,D4GB
2,rouge,W47B
2,bleu,DPT5
2,jaune,GPV5
3,vert,QST5
3,rouge,TKTP
3,bleu,X9G4
3,jaune,7XB9
4,vert,VP6Q
4,rouge,9XKV
4,bleu,RVDT
4,jaune,JTLL
1,vert,T5PD
1,rouge,3VV4
1,bleu,6PD4
1,jaune,RS56
2,vert,WTBP
2,rouge,RG6W
2,bleu,TB3J
2,jaune,J9JL
3,vert,SRTF
3,rouge,B5C3
3,bleu,4CX5
3,jaune,SCB9
4,vert,L3B4
4,rouge,PRL3
4,bleu,3SQQ
4,jaune,H53V
1,vert,4HWL
1,rouge,6HV5
1,bleu,8WS7
1,jaune,9F48
2,vert,PX88
2,rouge,8VH4
2,bleu,QFT8
2,jaune,85XL
3,vert,969X
3,rouge,HSHD
3,bleu,WQJ8
3,jaune,LFKS
4,vert,7FV7
4,rouge,F6F5
4,bleu,K5QT
4,jaune,GHRH
1,vert,G55B
1,rouge,LB6F
1,bleu,8GBB
1,jaune,DRS8
2,vert,Q47V
2,rouge,6KST
2,bleu,6DXK
2,jaune,3VVT
3,vert,SJXQ
3,rouge,V6WR
3,bleu,68CR
3,jaune,WL7L
4,vert,HKG8
4,rouge,7SVP
4,bleu,P9QD
4,jaune,4G4X
1,vert,8C34
1,rouge,K5VC
1,bleu,KXG6
1,jaune,CD9C
2,vert,F7QD
2,rouge,W8BW
2,bleu,XR6P
2,jaune,47S4
3,vert,5G37
3,rouge,8RP9
3,bleu,W35W
3,jaune,JL5R
4,vert,B6LP
4,rouge,9WJL
4,bleu,78SR
4,jaune,7WWP
1,vert,GCXL
1,rouge,BCB4
1,bleu,SH4D
1,jaune,48FH
2,vert,68R5
2,rouge,JQQQ
2,bleu,TCP4
2,jaune,TJ54
3,vert,RPJ5
3,rouge,9THR
3,bleu,DQ6B
3,jaune,W8PK
4,vert,X3DJ
4,rouge,4WT7
4,bleu,PFBS
4,jaune,QKH8
1,vert,KJHQ
1,rouge,68HP
1,bleu,HLJ7
1,jaune,543W
2,vert,84H6
2,rouge,J3LF
2,bleu,9S7P
2,jaune,XBCF
3,vert,4JVT
3,rouge,KC9H
3,bleu,QDJ8
3,jaune,9S4W
4,vert,JSL8
4,rouge,B6T9
4,bleu,8CHW
4,jaune,P57W
1,vert,F8LT
1,rouge,3L75
1,bleu,55Q9
1,jaune,S5FC
2,vert,VHSH
2,rouge,BSDQ
2,bleu,VB9V
2,jaune,H5HF
3,vert,QH9F
3,rouge,HTLX
3,bleu,K3R3
3,jaune,VLBT
4,vert,G4CB
4,rouge,DHS4
4,bleu,595V
4,jaune,C496
1,vert,CGCV
1,rouge,QC76
1,bleu,76R5
1,jaune,CJ6G
2,vert,V3CL
2,rouge,RRJ5
2,bleu,PLJT
2,jaune,9L5X
3,vert,K6L4
3,rouge,SK4Q
3,bleu,HWG6
3,jaune,HQH3
4,vert,3HXX
4,rouge,TQ38
4,bleu,7CRP
4,jaune,P6L7
1,vert,94TD
1,rouge,C44J
1,bleu,GK3Q
1,jaune,GF7L
2,vert,WWJ7
2,rouge,L6BW
2,bleu,L7PK
2,jaune,RX9T
3,vert,HV5R
3,rouge,J3PF
3,bleu,WSXB
3,jaune,66WL
4,vert,4RBS
4,rouge,VRF5
4,bleu,L54J
4,jaune,WJW7
1,vert,55TV
1,rouge,5CH5
1,bleu,6SH9
1,jaune,DXRR
2,vert,8J7Q
2,rouge,LVRR
2,bleu,JSXF
2,jaune,LS7S
3,vert,THJW
3,rouge,JQDH
3,bleu,XCTJ
3,jaune,VTFS
4,vert,PX9W
4,rouge,778G
4,bleu,5RTC
4,jaune,HFV3
1,vert,J58R
1,rouge,7C9X
1,bleu,5WBH
1,jaune,766H
2,vert,TS78
2,rouge,5H45
2,bleu,6SCL
2,jaune,P7T3
3,vert,VWBJ
3,rouge,K3K6
3,bleu,WBTD
3,jaune,DDKJ
4,vert,9J8S
4,rouge,L7Q6
4,bleu,9LKS
4,jaune,D69K
1,vert,V6WX
1,rouge,T55X
1,bleu,DV6T
1,jaune,6R9R
2,vert,X8TJ
2,rouge,BF7S
2,bleu,QJ39
2,jaune,VF8F
3,vert,GFK5
3,rouge,3QL3
3,bleu,GCX9
3,jaune,7R9W
4,vert,5347
4,rouge,DP6W
4,bleu,DK6L
4,jaune,G58B
1,vert,PKXK
1,rouge,R5LF
1,bleu,GGVP
1,jaune,HW6K
2,vert,5HXK
2,rouge,B9KF
2,bleu,V98D
2,jaune,CDWQ
3,vert,35C6
3,rouge,9JQS
3,bleu,S6CJ
3,jaune,HSWK
4,vert,99J6
4,rouge,DGS9
4,bleu,TRFT
4,jaune,9KS4
1,vert,L48T
1,rouge,7PBR
1,bleu,GK3J
1,jaune,B5KF
2,vert,PJBG
2,rouge,GTW3
2,bleu,SFTQ
2,jaune,QGWG
3,vert,LS3R
3,rouge,LLV6
3,bleu,K7R5
3,jaune,4X8F
4,vert,PWRG
4,rouge,7H86
4,bleu,P8JF
4,jaune,R9PJ
1,vert,TPBP
1,rouge,TX5K
1,bleu,X4L8
1,jaune,6SK4
2,vert,99B5
2,rouge,9HWK
2,bleu,8VX5
2,jaune,9CBF
3,vert,69HP
3,rouge,SDX3
3,bleu,4FP9
3,jaune,DG9S
4,vert,8SLP
4,rouge,FDTL
4,bleu,V9P5
4,jaune,HPX3
1,vert,WRGX
1,rouge,S78S
1,bleu,DLFV
1,jaune,SVRC
2,vert,3TG6
2,rouge,RHKL
2,bleu,QP3R
2,jaune,5PQT
3,vert,5TJX
3,rouge,FPQL
3,bleu,6BV7
3,jaune,6HWR
4,vert,5RGJ
4,rouge,RF58
4,bleu,9FWC
4,jaune,RXVT
1,vert,GBL9
1,rouge,FRF7
1,bleu,SWPR
1,jaune,PPFQ
2,vert,93WD
2,rouge,K654
2,bleu,DHGL
2,jaune,L6X5
3,vert,9DC8
3,rouge,P43V
3,bleu,H53J
3,jaune,3DBD
4,vert,RJ7K
4,rouge,SRPT
4,bleu,KV54
4,jaune,9JJW
1,vert,RFTG
1,rouge,7LFL
1,bleu,BWDR
1,jaune,TFVT
2,vert,9R37
2,rouge,4BXQ
2,bleu,FC4L
2,jaune,GS3P
3,vert,6JTK
3,rouge,Q89R
3,bleu,93WJ
3,jaune,L6JW
4,vert,TVPQ
4,rouge,WL5H
4,bleu,7R6P
4,jaune,7HJ6
1,vert,K8XR
1,rouge,XX75
1,bleu,TQXP
1,jaune,TQ67
2,vert,F6V6
2,rouge,LSLD
2,bleu,6B7X
2,jaune,7H7G
3,vert,D5V7
3,rouge,KDW7
3,bleu,364H
3,jaune,5KJJ
4,vert,WW3S
4,rouge,PVSK
4,bleu,R3R8
4,jaune,GSB6
1,vert,4T65
1,rouge,96H8
1,bleu,7BXR
1,jaune,CWBB
2,vert,7G9R
2,rouge,BVPT
2,bleu,Q8DQ
2,jaune,FBCK
3,vert,CJ8R
3,rouge,GHG6
3,bleu,L9CK
3,jaune,8LVV
4,vert,PS5R
4,rouge,3KS6
4,bleu,V4G4
4,jaune,FBQP
1,vert,HS7B
1,rouge,9XK9
1,bleu,7FQL
1,jaune,8D6C
2,vert,6GR4
2,rouge,JPJK
2,bleu,XBK4
2,jaune,6JJV
3,vert,WWW9
3,rouge,Q3PQ
3,bleu,BWQD
3,jaune,SR5K
4,vert,TL6R
4,rouge,FP3L
4,bleu,B4RF
4,jaune,LRRQ
1,vert,VQCW
1,rouge,Q8SQ
1,bleu,PTVQ
1,jaune,W78C
2,vert,K7V6
2,rouge,LW7G
2,bleu,KCTC
2,jaune,S5CS
3,vert,X996
3,rouge,G4RX
3,bleu,RDXH
3,jaune,HHP3
4,vert,K5S9
4,rouge,KSJL
4,bleu,68PL
4,jaune,H6QB
1,vert,GLVS
1,rouge,XPX8
1,bleu,GFKB
1,jaune,Q48D
2,vert,LD4S
2,rouge,GD59
2,bleu,SGB9
2,jaune,BJHG
3,vert,8SS6
3,rouge,6JBC
3,bleu,5BC6
3,jaune,9BQQ
4,vert,636W
4,rouge,RKGK
4,bleu,WJKV
4,jaune,HCW6
1,vert,FRBQ
1,rouge,HDW6
1,bleu,3R3F
1,jaune,SK3C
2,vert,Q3DJ
2,rouge,XGQV
2,bleu,5HVW
2,jaune,X3WV
3,vert,SB4B
3,rouge,7GSC
3,bleu,VLGH
3,jaune,6V8D
4,vert,P8TJ
4,rouge,SDWC
4,bleu,JJL7
4,jaune,5TV3
1,vert,RRQC
1,rouge,XG8F
1,bleu,DWH9
1,jaune,KWPH
2,vert,HG6J
2,rouge,FDV9
2,bleu,WPL9
2,jaune,6G6C
3,vert,FJSF
3,rouge,6KKK
3,bleu,LFCK
3,jaune,RF65
4,vert,PKFL
4,rouge,GDJ4
4,bleu,K7JC
4,jaune,69TD
1,vert,DFBB
1,rouge,LPR3
1,bleu,DCJ7
1,jaune,WBFT
2,vert,43SW
2,rouge,SL38
2,bleu,CKRW
2,jaune,B8GG
3,vert,HB5T
3,rouge,GFDG
3,bleu,PH9W
3,jaune,CXGP
4,vert,LXJH
4,rouge,GP35
4,bleu,9SGB
4,jaune,CTK8
1,vert,RL6J
1,rouge,3XHR
1,bleu,KT5B
1,jaune,LLFV
2,vert,L6T9
2,rouge,W8DJ
2,bleu,LSJK
2,jaune,D4WR
3,vert,RSXT
3,rouge,WSJQ
3,bleu,TKHX
3,jaune,FPBB
4,vert,73R3
4,rouge,F33X
4,bleu,SRSV
4,jaune,KTXD
1,vert,WCBG
1,rouge,5K4B
1,bleu,8TV5
1,jaune,BSD7
2,vert,D543
2,rouge,JJR4
2,bleu,4T5F
2,jaune,VTBG
3,vert,3WHV
3,rouge,JBHK
3,bleu,WC9H
3,jaune,BHKK
4,vert,PBSB
4,rouge,3X8Q
4,bleu,3HR4
4,jaune,QKXC
1,vert,JP46
1,rouge,LCBG
1,bleu,R7D6
1,jaune,T5T5
2,vert,TVQ3
2,rouge,58RR
2,bleu,6CD9
2,jaune,FWV7
3,vert,6R44
3,rouge,GJDW
3,bleu,C36D
3,jaune,J596
4,vert,P4BC
4,rouge,5CKC
4,bleu,9HQ4
4,jaune,L979
1,vert,XB7S
1,rouge,G7KJ
1,bleu,SXRR
1,jaune,S8WF
2,vert,PJ3L
2,rouge,HFTP
2,bleu,WGD4
2,jaune,4WF5
3,vert,9SHB
3,rouge,4HRB
3,bleu,5FV5
3,jaune,DHQK
4,vert,PHTK
4,rouge,34F8
4,bleu,V47K
4,jaune,QLL7
1,vert,VLSF
1,rouge,GDP9
1,bleu,X5RL
1,jaune,BFJW
2,vert,99XB
2,rouge,KLDW
2,bleu,JR9Q
2,jaune,6VCS
3,vert,SVVH
3,rouge,G37P
3,bleu,BXPG
3,jaune,W433
4,vert,SVTV
4,rouge,3CK6
4,bleu,98P9
4,jaune,5QTC
1,vert,SQP9
1,rouge,GVKT
1,bleu,474B
1,jaune,HRJ6
2,vert,WQKB
2,rouge,6VHK
2,bleu,GP4D
2,jaune,J4BJ
3,vert,S633
3,rouge,JXTK
3,bleu,X3BJ
3,jaune,KXJL
4,vert,9QWW
4,rouge,VFWX
4,bleu,47R4
4,jaune,RFSF
1,vert,TXP3
1,rouge,7L44
1,bleu,DJJ4
1,jaune,P66X
2,vert,8SDG
2,rouge,S9PG
2,bleu,HWBV
2,jaune,GGS8
3,vert,7G34
3,rouge,4FSH
3,bleu,J9LD
3,jaune,BJGT
4,vert,GKQL
4,rouge,PDB9
4,bleu,57TR
4,jaune,XVQX
1,vert,CX75
1,rouge,5BW5
1,bleu,HV79
1,jaune,57FF
2,vert,C5V5
2,rouge,GPSQ
2,bleu,J88H
2,jaune,69GD
3,vert,XJ54
3,rouge,VL36
3,bleu,J6TV
3,jaune,JBLH
4,vert,T5RF
4,rouge,BJHC
4,bleu,497V
4,jaune,3XCX
1,vert,9HCP
1,rouge,HXVS
1,bleu,JLW3
1,jaune,WBF9
2,vert,WTHW
2,rouge,CL47
2,bleu,9QQV
2,jaune,B5V7
3,vert,VRLR
3,rouge,RHCK
3,bleu,B8HX
3,jaune,B6XG
4,vert,FG6R
4,rouge,5KS9
4,bleu,3LSV
4,jaune,KBB8
1,vert,4RS5
1,rouge,X8ST
1,bleu,4RH3
1,jaune,B8PT
2,vert,TQ96
2,rouge,67QH
2,bleu,3RPC
2,jaune,K44X
3,vert,T5B5
3,rouge,CDTB
3,bleu,TBCJ
3,jaune,CSHG
4,vert,C79D
4,rouge,9HB6
4,bleu,V4HQ
4,jaune,BHDL
1,vert,CDT8
1,rouge,CBVV
1,bleu,6BR7
1,jaune,T57F
2,vert,K73P
2,rouge,BGRF
2,bleu,BQKS
2,jaune,TPP5
3,vert,TTJ3
3,rouge,W37W
3,bleu,9H48
3,jaune,RJC9
4,vert,9PB7
4,rouge,XGTJ
4,bleu,F6TJ
4,jaune,9LSK
1,vert,7D94
1,rouge,JTCD
1,bleu,RQLG
1,jaune,WJB9
2,vert,FF5X
2,rouge,DVQ5
2,bleu,LLJ9
2,jaune,VB3J
3,vert,TDKV
3,rouge,VSCJ
3,bleu,58LG
3,jaune,PFL3
4,vert,4856
4,rouge,5VCS
4,bleu,PJRS
4,jaune,D4G7
1,vert,DPBP
1,rouge,36GD
1,bleu,6QFP
1,jaune,9JF7
2,vert,HKRH
2,rouge,GSLX
2,bleu,H9BS
2,jaune,PHLD
3,vert,6JTQ
3,rouge,RP4V
3,bleu,DWQQ
3,jaune,JLH6
4,vert,685C
4,rouge,V69R
4,bleu,QJ33
4,jaune,QPV7
1,vert,D6S3
1,rouge,5GLJ
1,bleu,TS8H
1,jaune,XQKW
2,vert,CGCR
2,rouge,XXD7
2,bleu,5778
2,jaune,9WLD
3,vert,6P45
3,rouge,VWGD
3,bleu,5SPJ
3,jaune,C368
4,vert,GLJS
4,rouge,PK3G
4,bleu,S5WW
4,jaune,8395
1,vert,PGVS
1,rouge,GJ4D
1,bleu,J9DW
1,jaune,W93H
2,vert,GH37
2,rouge,RXKF
2,bleu,K74S
2,jaune,49XV
3,vert,BJWC
3,rouge,B396
3,bleu,H8FK
3,jaune,GXW3
4,vert,9QL5
4,rouge,6GQ6
4,bleu,Q9J4
4,jaune,W75H
1,vert,R6DJ
1,rouge,KTS3
1,bleu,RCQ6
1,jaune,BCPS
2,vert,Q6KH
2,rouge,R6VP
2,bleu,4BR6
2,jaune,TPJC
3,vert,DLLC
3,rouge,96P9
3,bleu,H83J
3,jaune,R7CL
4,vert,XBPC
4,rouge,X6XJ
4,bleu,QJQD
4,jaune,GGVS
1,vert,GKRF
1,rouge,FRL9
1,bleu,BJC5
1,jaune,G5BW
2,vert,XRSJ
2,rouge,G7VT
2,bleu,87X3
2,jaune,7S9K
3,vert,ST38
3,rouge,CTXX
3,bleu,PBKH
3,jaune,VV85
4,vert,JST5
4,rouge,JBB7
4,bleu,X9HT
4,jaune,RJF6
1,vert,9R9K
1,rouge,749V
1,bleu,F6GS
1,jaune,CLC9
2,vert,XB7J
2,rouge,7DJJ
2,bleu,T84X
2,jaune,LRCH
3,vert,4BWX
3,rouge,LTXC
3,bleu,SCFJ
3,jaune,FXBB
4,vert,866G
4,rouge,JP8B
4,bleu,5TRV
4,jaune,DST8
1,vert,VLTL
1,rouge,9B5S
1,bleu,JGXK
1,jaune,DTLL
2,vert,PVW5
2,rouge,TDG5
2,bleu,HBQK
2,jaune,54L7
3,vert,GP3B
3,rouge,KPVJ
3,bleu,4LFP
3,jaune,6KXP
4,vert,CK8J
4,rouge,9VDK
4,bleu,9K5S
4,jaune,XDWP
1,vert,BFFL
1,rouge,KWBD
1,bleu,R53P
1,jaune,RPRQ
2,vert,3XJB
2,rouge,DB6Q
2,bleu,KPGL
2,jaune,WFSH
3,vert,4VT8
3,rouge,V3Q9
3,bleu,835P
3,jaune,6T7C
4,vert,6LRJ
4,rouge,DPKQ
4,bleu,SHJT
4,jaune,STF4
1,vert,C4C5
1,rouge,F8D7
1,bleu,J7PV
1,jaune,TW4F
2,vert,8R84
2,rouge,B53B
2,bleu,3RPR
2,jaune,T5TK
3,vert,LFQW
3,rouge,5D5J
3,bleu,6V5V
3,jaune,BGCP
4,vert,Q3PV
4,rouge,P9KK
4,bleu,BCKD
4,jaune,66J3
1,vert,CWP9
1,rouge,JL6H
1,bleu,3D3K
1,jaune,5RK3
2,vert,SLQ6
2,rouge,R48F
2,bleu,JLKT
2,jaune,5PGR
3,vert,T54V
3,rouge,XL8D
3,bleu,R4DK
3,jaune,X39L
4,vert,FL8F
4,rouge,DTFX
4,bleu,P5KQ
4,jaune,WRDB
1,vert,TL4P
1,rouge,6796
1,bleu,4JRW
1,jaune,8L43
2,vert,XX93
2,rouge,KQ56
2,bleu,WSHJ
2,jaune,W963
3,vert,QP88
3,rouge,TC5Q
3,bleu,P46S
3,jaune,RCDC
4,vert,PT3H
4,rouge,XSGT
4,bleu,6BR8
4,jaune,DVST
1,vert,BQBG
1,rouge,35QC
1,bleu,GHWR
1,jaune,6WX4
2,vert,LD7P
2,rouge,CPV8
2,bleu,7QV7
2,jaune,7WDW
3,vert,X7K4
3,rouge,WKX5
3,bleu,BF9X
3,jaune,J7KD
4,vert,J8DJ
4,rouge,VDFP
4,bleu,7QW8
4,jaune,69BL
1,vert,JW34
1,rouge,4DTB
1,bleu,G9V5
1,jaune,7HXK
2,vert,B48D
2,rouge,SCJC
2,bleu,QL9W
2,jaune,Q8VS
3,vert,F45C
3,rouge,RGQ3
3,bleu,GGCG
3,jaune,63QJ
4,vert,GQH8
4,rouge,SDXL
4,bleu,C844
4,jaune,748J
1,vert,H8RL
1,rouge,RWLJ
1,bleu,VJB9
1,jaune,PRQB
2,vert,6355
2,rouge,XFPW
2,bleu,RT66
2,jaune,D6Q7
3,vert,7DRP
3,rouge,KDWC
3,bleu,GGWH
3,jaune,JDS5
4,vert,RW5B
4,rouge,4LQD
4,bleu,QDG5
4,jaune,QCHV
1,vert,P55D
1,rouge,4SCB
1,bleu,8PT4
1,jaune,ST86
2,vert,JDFQ
2,rouge,4B64
2,bleu,D6QT
2,jaune,LQH4
3,vert,KX67
3,rouge,DSQV
3,bleu,GKJV
3,jaune,K45D
4,vert,4VX5
4,rouge,SHWC
4,bleu,5CG6
4,jaune,84CD
1,vert,PL88
1,rouge,9R5V
1,bleu,JXFC
1,jaune,579D
2,vert,9XLQ
2,rouge,KDLK
2,bleu,7S8D
2,jaune,4XV7
3,vert,7L9G
3,rouge,X5FH
3,bleu,S6XT
3,jaune,PB8X
4,vert,9JFC
4,rouge,JLBD
4,bleu,F8B7
4,jaune,GPXT
1,vert,7BJC
1,rouge,7488
1,bleu,SPDH
1,jaune,HVSK
2,vert,TQFD
2,rouge,BKJQ
2,bleu,Q38C
2,jaune,47RG
3,vert,KRVF
3,rouge,8X3X
3,bleu,4LH8
3,jaune,VVB8
4,vert,T989
4,rouge,8LRW
4,bleu,Q5TD
4,jaune,T77V
1,vert,5H39
1,rouge,QK7J
1,bleu,VQXX
1,jaune,LG7D
2,vert,PGKL
2,rouge,HHHP
2,bleu,4S9D
2,jaune,P8HX
3,vert,3SFP
3,rouge,XKLB
3,bleu,9FSC
3,jaune,KLJ3
4,vert,DL66
4,rouge,V7XG
4,bleu,5PKJ
4,jaune,FS7T
1,vert,5KB6
1,rouge,K7CQ
1,bleu,Q6H4
1,jaune,9P5R
2,vert,PSJ4
2,rouge,GKXH
2,bleu,88Q7
2,jaune,B55X
3,vert,GXF4
3,rouge,JG4T
3,bleu,R9T3
3,jaune,64VX
4,vert,5BR6
4,rouge,QRXK
4,bleu,59T5
4,jaune,H8JJ
1,vert,V8SH
1,rouge,JCVB
1,bleu,9XQH
1,jaune,98B5
2,vert,VRC3
2,rouge,PSRS
2,bleu,LWS6
2,jaune,37HR
3,vert,QQB4
3,rouge,TXLJ
3,bleu,4KWT
3,jaune,868B
4,vert,7CBF
4,rouge,CDHB
4,bleu,J57H
4,jaune,3T48
1,vert,CD7L
1,rouge,7KVB
1,bleu,4WX9
1,jaune,PWKF
2,vert,KR3D
2,rouge,FB4S
2,bleu,FCSW
2,jaune,GVCH
3,vert,P87S
3,rouge,L9W4
3,bleu,XC7Q
3,jaune,435F
4,vert,4GWB
4,rouge,FXRJ
4,bleu,CVTS
4,jaune,T33Q
1,vert,XFJF
1,rouge,S5HC
1,bleu,SF4D
1,jaune,QHTQ
2,vert,3XKG
2,rouge,H4DJ
2,bleu,8SJR
2,jaune,XBGS
3,vert,QQHG
3,rouge,DCW8
3,bleu,VXV6
3,jaune,6KJJ
4,vert,VPTB
4,rouge,4LLG
4,bleu,J6LT
4,jaune,4FVJ
1,vert,8QDT
1,rouge,8VFF
1,bleu,7G9T
1,jaune,JGRL
2,vert,GFS4
2,rouge,9SDC
2,bleu,DR6V
2,jaune,4L4H
3,vert,K5B7
3,rouge,VRLX
3,bleu,QXRT
3,jaune,WHJT
4,vert,9TH8
4,rouge,T36X
4,bleu,RFBC
4,jaune,G36X
1,vert,73BX
1,rouge,KJWD
1,bleu,TWHH
1,jaune,D86X
2,vert,LFJQ
2,rouge,5XJK
2,bleu,8SVQ
2,jaune,LSPX
3,vert,DR9V
3,rouge,55BH
3,bleu,SGDL
3,jaune,QG8P
4,vert,SLQD
4,rouge,BRDJ
4,bleu,48X4
4,jaune,4WHX
1,vert,7RC4
1,rouge,7LS8
1,bleu,WQPR
1,jaune,3BKL
2,vert,GS9L
2,rouge,6TTH
2,bleu,567P
2,jaune,LXF5
3,vert,RBCX
3,rouge,4X4D
3,bleu,HCX5
3,jaune,3TGG
4,vert,S3R5
4,rouge,GT4F
4,bleu,TW3L
4,jaune,LCD9
1,vert,64XJ
1,rouge,QK35
1,bleu,8G3L
1,jaune,K8J4
2,vert,HTD6
2,rouge,DQ55
2,bleu,XK7R
2,jaune,38PX
3,vert,945G
3,rouge,9T39
3,bleu,THQG
3,jaune,7457
4,vert,79HH
4,rouge,WWS9
4,bleu,9SDR
4,jaune,5WJW
1,vert,H33S
1,rouge,B8GV
1,bleu,SV8G
1,jaune,DJG7
2,vert,J886
2,rouge,P88K
2,bleu,G7Q6
2,jaune,KKCG
3,vert,7SVB
3,rouge,VP5H
3,bleu,JJ6X
3,jaune,9GHP
4,vert,Q5L7
4,rouge,XBWV
4,bleu,74FQ
4,jaune,DXW8
1,vert,FFCF
1,rouge,WC9B
1,bleu,DLDD
1,jaune,RVJD
2,vert,75RX
2,rouge,Q3XG
2,bleu,WK98
2,jaune,B3K4
3,vert,V6PL
3,rouge,QDWD
3,bleu,RLBJ
3,jaune,JPW7
4,vert,XBQC
4,rouge,D4PT
4,bleu,FHPX
4,jaune,KC3K
1,vert,HQHD
1,rouge,G88S
1,bleu,XVHJ
1,jaune,3WXC
2,vert,B8SB
2,rouge,JG68
2,bleu,BKFC
2,jaune,679D
3,vert,LDV9
3,rouge,9PLH
3,bleu,QGQH
3,jaune,HWWX
4,vert,T3T6
4,rouge,H784
4,bleu,D7B6
4,jaune,LRRG
1,vert,QDPP
1,rouge,D8PS
1,bleu,6CVK
1,jaune,8KQ3
2,vert,JJXL
2,rouge,FVHX
2,bleu,H6J3
2,jaune,LTDP
3,vert,BB46
3,rouge,34QR
3,bleu,WX3D
3,jaune,WKTD
4,vert,QSCG
4,rouge,XTQT
4,bleu,3XD7
4,jaune,43WG
1,vert,PT9W
1,rouge,C47S
1,bleu,WGRL
1,jaune,GBWD
2,vert,8JTC
2,rouge,44K6
2,bleu,JLWQ
2,jaune,P3B3
3,vert,QRCD
3,rouge,L45L
3,bleu,5JSH
3,jaune,4P57
4,vert,QHVD
4,rouge,B74X
4,bleu,R775
4,jaune,CJVX
1,vert,4DKL
1,rouge,VCG6
1,bleu,5XQ7
1,jaune,6PBK
2,vert,3FSP
2,rouge,4RVV
2,bleu,KRRS
2,jaune,3CFS
3,vert,5686
3,rouge,Q76Q
3,bleu,XQ3L
3,jaune,Q6V3
4,vert,KHV4
4,rouge,RWQ9
4,bleu,BCTP
4,jaune,4LGG
1,vert,SPQB
1,rouge,WHLB
1,bleu,C8W4
1,jaune,TH56
2,vert,7LKS
2,rouge,VCTR
2,bleu,J8RK
2,jaune,47XR
3,vert,CQHT
3,rouge,T8Q3
3,bleu,L3PD
3,jaune,DSH9
4,vert,BCRW
4,rouge,K9WC
4,bleu,FX5P
4,jaune,X5LS
1,vert,P496
1,rouge,8GLR
1,bleu,XJFB
1,jaune,RWBR
2,vert,8TVH
2,rouge,VKVV
2,bleu,R9JX
2,jaune,9SVV
3,vert,RGLT
3,rouge,P8W5
3,bleu,VQ3G
3,jaune,HGCX
4,vert,73LC
4,rouge,4BQG
4,bleu,D449
4,jaune,XLR7
1,vert,DDL7
1,rouge,L9JR
1,bleu,BSC8
1,jaune,4CRP
2,vert,69G5
2,rouge,H9XF
2,bleu,SX9R
2,jaune,X889
3,vert,T938
3,rouge,L5LV
3,bleu,5J7F
3,jaune,XVVX
4,vert,H6PV
4,rouge,D7S3
4,bleu,PCHF
4,jaune,4PC4
1,vert,HXB5
1,rouge,3G8J
1,bleu,GTDX
1,jaune,WFHF
2,vert,GDSX
2,rouge,5FD3
2,bleu,BT5K
2,jaune,BLPG
3,vert,FHKD
3,rouge,CWSV
3,bleu,SSBD
3,jaune,VFLV
4,vert,BVCK
4,rouge,VW66
4,bleu,3QHT
4,jaune,7J5D
1,vert,PRF4
1,rouge,8LB6
1,bleu,99TV
1,jaune,H79T
2,vert,CCFS
2,rouge,G8KQ
2,bleu,85TR
2,jaune,F85G
3,vert,799F
3,rouge,WXWW
3,bleu,BWBF
3,jaune,WSV3
4,vert,74R3
4,rouge,7H3W
4,bleu,7L8B
4,jaune,K8B8
1,vert,XL76
1,rouge,S44X
1,bleu,GQFR
1,jaune,PJGS
2,vert,BGKB
2,rouge,P8WW
2,bleu,LJSP
2,jaune,VWX5
3,vert,9RHX
3,rouge,4F5R
3,bleu,583S
3,jaune,QSXH
4,vert,65QT
4,rouge,7SXG
4,bleu,RDDG
4,jaune,TJGL
1,vert,SC83
1,rouge,Q6ST
1,bleu,9VQV
1,jaune,WCV4
2,vert,WLH5
2,rouge,3758
2,bleu,SPFG
2,jaune,V9KS
3,vert,CJDG
3,rouge,6XQG
3,bleu,P8G6
3,jaune,RH3K
4,vert,F4TC
4,rouge,3SW9
4,bleu,69C4
4,jaune,4D6Q
1,vert,LPHD
1,rouge,4J47
1,bleu,P8G8
1,jaune,B37H
2,vert,8PDW
2,rouge,QD5V
2,bleu,CGCH
2,jaune,58BD
3,vert,Q4HS
3,rouge,QSPD
3,bleu,D7FG
3,jaune,JWXR
4,vert,47SL
4,rouge,CSP8
4,bleu,BCBW
4,jaune,Q3P5
1,vert,H9H7
1,rouge,47VD
1,bleu,PR5X
1,jaune,VBFR
2,vert,RCBF
2,rouge,R9WK
2,bleu,Q6J3
2,jaune,L5C9
3,vert,3W89
3,rouge,5786
3,bleu,XJLB
3,jaune,BS7P
4,vert,SHGD
4,rouge,9L85
4,bleu,R33C
4,jaune,864Q
1,vert,95QB
1,rouge,VW9J
1,bleu,PRCJ
1,jaune,73CD
2,vert,X3KV
2,rouge,XV4Q
2,bleu,LF8Q
2,jaune,WT59
3,vert,SBXH
3,rouge,CGDP
3,bleu,THSL
3,jaune,74G7
4,vert,WGXV
4,rouge,TG5B
4,bleu,S4KL
4,jaune,XHQP
1,vert,WDH6
1,rouge,9DQK
1,bleu,XLC5
1,jaune,RPSC
2,vert,4WX3
2,rouge,KQ96
2,bleu,DFPQ
2,jaune,SWSG
3,vert,5LX5
3,rouge,JQHP
3,bleu,9XSJ
3,jaune,L3VV
4,vert,CWLS
4,rouge,6XLW
4,bleu,FBGV
4,jaune,994J
1,vert,R53J
1,rouge,3L3H
1,bleu,K6L6
1,jaune,XRXR
2,vert,JTCH
2,rouge,GPQ9
2,bleu,GVKW
2,jaune,P5FL
3,vert,SK5V
3,rouge,Q7JV
3,bleu,XT6F
3,jaune,T36L
4,vert,35LK
4,rouge,73DV
4,bleu,XS3R
4,jaune,GV5G
1,vert,FK3B
1,rouge,H374
1,bleu,SPKL
1,jaune,BSX8
2,vert,W5FH
2,rouge,VF5H
2,bleu,RTW3
2,jaune,9GL5
3,vert,CCKJ
3,rouge,3PCH
3,bleu,SCKJ
3,jaune,WBDB
4,vert,X43H
4,rouge,FWHF
4,bleu,5QWD
4,jaune,XQF9
1,vert,5GXT
1,rouge,5XF5
1,bleu,D9JR
1,jaune,JW74
2,vert,G4PX
2,rouge,5H7X
2,bleu,LQ85
2,jaune,KGXK
3,vert,JFVB
3,rouge,XLHS
3,bleu,F8KV
3,jaune,7VGV
4,vert,9HVG
4,rouge,TCK3
4,bleu,RP54
4,jaune,JQFP
1,vert,K66W
1,rouge,59S3
1,bleu,JPSK
1,jaune,68VD
2,vert,97GG
2,rouge,BJH6
2,bleu,399S
2,jaune,VSXL
3,vert,S7C4
3,rouge,8XL9
3,bleu,GFF7
3,jaune,4C5V
4,vert,7D7Q
4,rouge,47HW
4,bleu,W8RD
4,jaune,RQ4B
1,vert,BJK6
1,rouge,64Q7
1,bleu,WFC6
1,jaune,SJKX
2,vert,9BJ4
2,rouge,L9SS
2,bleu,K9TF
2,jaune,68XH
3,vert,7L7G
3,rouge,CX5T
3,bleu,6L4C
3,jaune,X9SB
4,vert,6J7S
4,rouge,B6BX
4,bleu,LDD3
4,jaune,3DGF
1,vert,PTDD
1,rouge,K3C5
1,bleu,FFSL
1,jaune,9RJ7
2,vert,X73P
2,rouge,QQ4R
2,bleu,GJSH
2,jaune,4DBT
3,vert,8PX7
3,rouge,T7GV
3,bleu,TB6L
3,jaune,TKVP
4,vert,TCX5
4,rouge,75JB
4,bleu,F84G
4,jaune,B6KP
1,vert,SL5B
1,rouge,CPWL
1,bleu,X5LV
1,jaune,PDTR
2,vert,G934
2,rouge,QDHS
2,bleu,VWDC
2,jaune,6P85
3,vert,9DH3
3,rouge,S53P
3,bleu,939P
3,jaune,JLFW
4,vert,8JQW
4,rouge,5QWW
4,bleu,5GK4
4,jaune,6QL7
1,vert,HXPL
1,rouge,59TJ
1,bleu,3XXD
1,jaune,WKHS
2,vert,35SG
2,rouge,DWRL
2,bleu,JC87
2,jaune,Q8LF
3,vert,8KW5
3,rouge,893W
3,bleu,83R5
3,jaune,QJHD
4,vert,8PR4
4,rouge,45RQ
4,bleu,S8RS
4,jaune,7VX8
1,vert,7Q8H
1,rouge,8CXF
1,bleu,FKW6
1,jaune,9FFW
2,vert,TQS8
2,rouge,3SJ3
2,bleu,CKWG
2,jaune,FBC6
3,vert,XKKD
3,rouge,BP9W
3,bleu,DXG9
3,jaune,7D9G
4,vert,83W5
4,rouge,CLSP
4,bleu,SJVV
4,jaune,GGVW
1,vert,JWTP
1,rouge,KBSL
1,bleu,LFX3
1,jaune,THTS
2,vert,6JHT
2,rouge,SWPW
2,bleu,W6LF
2,jaune,FC8S
3,vert,RT7L
3,rouge,FLLQ
3,bleu,LLVH
3,jaune,T8HD
4,vert,F3QG
4,rouge,6W4P
4,bleu,RH5C
4,jaune,LDBP
1,vert,KXCT
1,rouge,8FWV
1,bleu,7L75
1,jaune,VQBV
2,vert,CD3W
2,rouge,BCQ3
2,bleu,7K8L
2,jaune,6359
3,vert,X6WQ
3,rouge,SWD8
3,bleu,VXX3
3,jaune,7HKL
4,vert,GX7V
4,rouge,Q4WW
4,bleu,938K
4,jaune,PTXB
1,vert,7K93
1,rouge,JKPL
1,bleu,QGG7
1,jaune,FPG4
2,vert,L5BQ
2,rouge,CHXV
2,bleu,9KKQ
2,jaune,96VQ
3,vert,WG5W
3,rouge,5DFT
3,bleu,W87Q
3,jaune,KQJD
4,vert,DXQT
4,rouge,SFKX
4,bleu,WQST
4,jaune,CQ37
1,vert,J84G
1,rouge,RLHF
1,bleu,L8QX
1,jaune,LGKG
2,vert,4DLX
2,rouge,SPGH
2,bleu,6955
2,jaune,4P9Q
3,vert,SLJT
3,rouge,C646
3,bleu,6RJQ
3,jaune,68GB
4,vert,5QVL
4,rouge,FPC3
4,bleu,GCLC
4,jaune,98L3
1,vert,QG4B
1,rouge,F5JD
1,bleu,CWGW
1,jaune,KG5V
2,vert,S8VH
2,rouge,PTKJ
2,bleu,556D
2,jaune,467T
3,vert,W7C4
3,rouge,6D5B
3,bleu,B5RW
3,jaune,PT5L
4,vert,BP69
4,rouge,KHT7
4,bleu,83CH
4,jaune,SPFX
1,vert,RKST
1,rouge,CGDT
1,bleu,88C7
1,jaune,9QKC
2,vert,L8L4
2,rouge,5WJL
2,bleu,DV93
2,jaune,HKHT
3,vert,4WC7
3,rouge,6LRF
3,bleu,DHBF
3,jaune,995J
4,vert,S5TB
4,rouge,S6X5
4,bleu,TST4
4,jaune,LSRH
1,vert,B6HW
1,rouge,8BJ3
1,bleu,78BH
1,jaune,5LG5
2,vert,X6XW
2,rouge,DQP3
2,bleu,JBL4
2,jaune,WXV4
3,vert,S5HL
3,rouge,DFBV
3,bleu,6WJJ
3,jaune,4K8W
4,vert,6S93
4,rouge,95JV
4,bleu,VR3X
4,jaune,6XKP
1,vert,LBDB
1,rouge,J6L4
1,bleu,7FXK
1,jaune,4CL3
2,vert,VGSW
2,rouge,DC97
2,bleu,GGS6
2,jaune,55L8
3,vert,7LFB
3,rouge,35HW
3,bleu,7B9P
3,jaune,BB7F
4,vert,4KWR
4,rouge,WWGF
4,bleu,SSXG
4,jaune,RHFJ
1,vert,W3FP
1,rouge,TC3S
1,bleu,V5VJ
1,jaune,RLL5
2,vert,QVXC
2,rouge,GCT5
2,bleu,P88J
2,jaune,89JR
